client_code,name,status,age,city,avg_monthly_balance_KZT,date,category,amount,currency,type,direction
1,Мария,Премиальный клиент,46,Шымкент,610268,2025-06-23,Играем дома,45131,KZT,fx_sell,out
1,Мария,Премиальный клиент,46,Шымкент,610268,2025-08-23,Онлайн-сервисы,3433,KZT,fx_buy,out
1,Мария,Премиальный клиент,46,Шымкент,610268,2025-08-24,Смотрим дома,28480,KZT,fx_sell,out
1,Мария,Премиальный клиент,46,Шымкент,610268,2025-07-17,Транспорт,1189,EUR,fx_buy,out
1,Мария,Премиальный клиент,46,Шымкент,610268,2025-07-29,Транспорт,32551,KZT,fx_buy,out
1,Мария,Премиальный клиент,46,Шымкент,610268,2025-09-11,Доход,499492,KZT,cashback_in,in
1,Мария,Премиальный клиент,46,Шымкент,610268,2025-08-06,Едим дома,44021,KZT,fx_buy,out
1,Мария,Премиальный клиент,46,Шымкент,610268,2025-09-05,Рестораны,27619,KZT,fx_buy,out
1,Мария,Премиальный клиент,46,Шымкент,610268,2025-07-05,Онлайн-сервисы,15541,KZT,p2p_out,out
1,Мария,Премиальный клиент,46,Шымкент,610268,2025-08-09,Путешествия,247629,EUR,atm_withdrawal,out
1,Мария,Премиальный клиент,46,Шымкент,610268,2025-07-22,Ювелирные изделия,67065,EUR,fx_sell,out
1,Мария,Премиальный клиент,46,Шымкент,610268,2025-08-31,Образование,2016,EUR,fx_buy,out
1,Мария,Премиальный клиент,46,Шымкент,610268,2025-08-05,Доход,477281,USD,salary_in,in
1,Мария,Премиальный клиент,46,Шымкент,610268,2025-08-21,Транспорт,9571,USD,fx_buy,out
1,Мария,Премиальный клиент,46,Шымкент,610268,2025-08-04,Одежда,49984,KZT,card_out,out
1,Мария,Премиальный клиент,46,Шымкент,610268,2025-06-18,Онлайн-сервисы,23002,KZT,p2p_out,out
1,Мария,Премиальный клиент,46,Шымкент,610268,2025-09-06,Продукты,39660,KZT,p2p_out,out
1,Мария,Премиальный клиент,46,Шымкент,610268,2025-08-04,Доход,40535,KZT,salary_in,in
1,Мария,Премиальный клиент,46,Шымкент,610268,2025-08-11,Косметика и парфюмерия,31818,KZT,fx_sell,out
1,Мария,Премиальный клиент,46,Шымкент,610268,2025-06-20,Доход,501234,USD,salary_in,in
1,Мария,Премиальный клиент,46,Шымкент,610268,2025-07-29,Продукты,34270,EUR,fx_sell,out
1,Мария,Премиальный клиент,46,Шымкент,610268,2025-08-18,Образование,24419,USD,atm_withdrawal,out
1,Мария,Премиальный клиент,46,Шымкент,610268,2025-07-25,Косметика и парфюмерия,42523,USD,card_out,out
1,Мария,Премиальный клиент,46,Шымкент,610268,2025-09-10,Доход,208286,KZT,cashback_in,in
1,Мария,Премиальный клиент,46,Шымкент,610268,2025-08-16,Косметика и парфюмерия,28890,EUR,p2p_out,out
1,Мария,Премиальный клиент,46,Шымкент,610268,2025-08-17,Доход,452296,USD,salary_in,in
1,Мария,Премиальный клиент,46,Шымкент,610268,2025-09-08,Транспорт,26939,EUR,fx_buy,out
1,Мария,Премиальный клиент,46,Шымкент,610268,2025-07-14,Смотрим дома,22976,EUR,fx_buy,out
1,Мария,Премиальный клиент,46,Шымкент,610268,2025-09-13,Электроника,28251,USD,card_out,out
1,Мария,Премиальный клиент,46,Шымкент,610268,2025-09-11,Онлайн-сервисы,30320,EUR,p2p_out,out
1,Мария,Премиальный клиент,46,Шымкент,610268,2025-08-08,Смотрим дома,1663,KZT,fx_buy,out
1,Мария,Премиальный клиент,46,Шымкент,610268,2025-08-13,Едим дома,47576,KZT,fx_buy,out
1,Мария,Премиальный клиент,46,Шымкент,610268,2025-07-24,Косметика и парфюмерия,24938,KZT,atm_withdrawal,out
1,Мария,Премиальный клиент,46,Шымкент,610268,2025-07-20,Продукты,38505,KZT,atm_withdrawal,out
1,Мария,Премиальный клиент,46,Шымкент,610268,2025-07-22,Продукты,47717,KZT,card_out,out
1,Мария,Премиальный клиент,46,Шымкент,610268,2025-07-23,Ювелирные изделия,128506,KZT,fx_buy,out
1,Мария,Премиальный клиент,46,Шымкент,610268,2025-08-28,Онлайн-сервисы,41545,EUR,fx_sell,out
1,Мария,Премиальный клиент,46,Шымкент,610268,2025-06-20,Продукты,43107,KZT,card_out,out
1,Мария,Премиальный клиент,46,Шымкент,610268,2025-07-06,Такси,3811,KZT,fx_buy,out
1,Мария,Премиальный клиент,46,Шымкент,610268,2025-08-09,Такси,3911,KZT,p2p_out,out
2,Алексей,Студент,50,Астана,21111,2025-09-03,Едим дома,48254,EUR,atm_withdrawal,out
2,Алексей,Студент,50,Астана,21111,2025-08-03,Транспорт,26199,KZT,atm_withdrawal,out
2,Алексей,Студент,50,Астана,21111,2025-07-16,Продукты,21932,USD,fx_buy,out
2,Алексей,Студент,50,Астана,21111,2025-08-13,Едим дома,43642,KZT,card_out,out
2,Алексей,Студент,50,Астана,21111,2025-08-25,Доход,19888,KZT,refund_in,in
2,Алексей,Студент,50,Астана,21111,2025-07-01,Доход,19637,KZT,refund_in,in
2,Алексей,Студент,50,Астана,21111,2025-06-17,Одежда,47975,EUR,atm_withdrawal,out
2,Алексей,Студент,50,Астана,21111,2025-06-24,Такси,9352,KZT,fx_sell,out
2,Алексей,Студент,50,Астана,21111,2025-08-12,Путешествия,136416,KZT,p2p_out,out
2,Алексей,Студент,50,Астана,21111,2025-07-28,Такси,9754,EUR,fx_sell,out
2,Алексей,Студент,50,Астана,21111,2025-09-06,Рестораны,26277,KZT,fx_sell,out
2,Алексей,Студент,50,Астана,21111,2025-08-17,Продукты,28643,USD,fx_sell,out
2,Алексей,Студент,50,Астана,21111,2025-07-28,Такси,8679,KZT,card_out,out
2,Алексей,Студент,50,Астана,21111,2025-08-01,Доход,11069,USD,salary_in,in
2,Алексей,Студент,50,Астана,21111,2025-09-08,Едим дома,19711,USD,fx_sell,out
2,Алексей,Студент,50,Астана,21111,2025-07-30,Доход,10699,KZT,cashback_in,in
2,Алексей,Студент,50,Астана,21111,2025-07-13,Косметика и парфюмерия,20778,KZT,card_out,out
2,Алексей,Студент,50,Астана,21111,2025-08-20,Ювелирные изделия,133746,EUR,atm_withdrawal,out
2,Алексей,Студент,50,Астана,21111,2025-08-21,Образование,17538,KZT,atm_withdrawal,out
2,Алексей,Студент,50,Астана,21111,2025-09-12,Онлайн-сервисы,41328,KZT,card_out,out
3,Елена,Зарплатный клиент,56,Актобе,155801,2025-07-26,Доход,120627,USD,salary_in,in
3,Елена,Зарплатный клиент,56,Актобе,155801,2025-08-25,Электроника,23386,KZT,fx_buy,out
3,Елена,Зарплатный клиент,56,Актобе,155801,2025-07-10,Образование,29312,KZT,p2p_out,out
3,Елена,Зарплатный клиент,56,Актобе,155801,2025-07-13,Доход,65609,KZT,stipend_in,in
3,Елена,Зарплатный клиент,56,Актобе,155801,2025-06-20,Смотрим дома,3491,USD,p2p_out,out
3,Елена,Зарплатный клиент,56,Актобе,155801,2025-09-06,Транспорт,22606,KZT,fx_buy,out
3,Елена,Зарплатный клиент,56,Актобе,155801,2025-09-08,Путешествия,220806,KZT,p2p_out,out
3,Елена,Зарплатный клиент,56,Актобе,155801,2025-08-29,Доход,93613,KZT,refund_in,in
3,Елена,Зарплатный клиент,56,Актобе,155801,2025-08-28,Такси,6177,KZT,fx_buy,out
3,Елена,Зарплатный клиент,56,Актобе,155801,2025-06-16,Доход,142222,KZT,cashback_in,in
3,Елена,Зарплатный клиент,56,Актобе,155801,2025-09-02,Смотрим дома,17896,KZT,atm_withdrawal,out
3,Елена,Зарплатный клиент,56,Актобе,155801,2025-07-28,Одежда,46952,USD,fx_sell,out
3,Елена,Зарплатный клиент,56,Актобе,155801,2025-07-12,Ювелирные изделия,97215,KZT,fx_sell,out
3,Елена,Зарплатный клиент,56,Актобе,155801,2025-06-20,Электроника,45078,KZT,fx_buy,out
3,Елена,Зарплатный клиент,56,Актобе,155801,2025-07-14,Транспорт,36247,USD,atm_withdrawal,out
3,Елена,Зарплатный клиент,56,Актобе,155801,2025-08-06,Электроника,27646,KZT,fx_sell,out
3,Елена,Зарплатный клиент,56,Актобе,155801,2025-09-04,Доход,78385,KZT,refund_in,in
3,Елена,Зарплатный клиент,56,Актобе,155801,2025-09-04,Смотрим дома,42975,USD,card_out,out
3,Елена,Зарплатный клиент,56,Актобе,155801,2025-09-10,Косметика и парфюмерия,30168,KZT,atm_withdrawal,out
3,Елена,Зарплатный клиент,56,Актобе,155801,2025-08-13,Доход,21938,KZT,refund_in,in
3,Елена,Зарплатный клиент,56,Актобе,155801,2025-08-12,Такси,6732,KZT,p2p_out,out
3,Елена,Зарплатный клиент,56,Актобе,155801,2025-07-09,Доход,79449,KZT,refund_in,in
3,Елена,Зарплатный клиент,56,Актобе,155801,2025-08-01,Транспорт,32996,KZT,atm_withdrawal,out
3,Елена,Зарплатный клиент,56,Актобе,155801,2025-08-10,Смотрим дома,16305,KZT,fx_sell,out
3,Елена,Зарплатный клиент,56,Актобе,155801,2025-08-11,Косметика и парфюмерия,18209,USD,fx_buy,out
3,Елена,Зарплатный клиент,56,Актобе,155801,2025-07-01,Доход,70692,USD,refund_in,in
3,Елена,Зарплатный клиент,56,Актобе,155801,2025-08-09,Едим дома,49816,KZT,p2p_out,out
3,Елена,Зарплатный клиент,56,Актобе,155801,2025-08-09,Косметика и парфюмерия,45811,KZT,fx_sell,out
3,Елена,Зарплатный клиент,56,Актобе,155801,2025-07-21,Едим дома,22352,EUR,p2p_out,out
3,Елена,Зарплатный клиент,56,Актобе,155801,2025-08-28,Путешествия,231589,USD,card_out,out
3,Елена,Зарплатный клиент,56,Актобе,155801,2025-07-17,Путешествия,245004,KZT,fx_buy,out
3,Елена,Зарплатный клиент,56,Актобе,155801,2025-08-26,Косметика и парфюмерия,18101,KZT,fx_buy,out
3,Елена,Зарплатный клиент,56,Актобе,155801,2025-06-23,Отели,152795,KZT,fx_sell,out
3,Елена,Зарплатный клиент,56,Актобе,155801,2025-07-24,Путешествия,110566,KZT,fx_sell,out
3,Елена,Зарплатный клиент,56,Актобе,155801,2025-08-06,Смотрим дома,12174,EUR,atm_withdrawal,out
3,Елена,Зарплатный клиент,56,Актобе,155801,2025-09-09,Одежда,25394,KZT,p2p_out,out
3,Елена,Зарплатный клиент,56,Актобе,155801,2025-06-30,Смотрим дома,8056,USD,fx_buy,out
3,Елена,Зарплатный клиент,56,Актобе,155801,2025-09-07,Онлайн-сервисы,28569,KZT,atm_withdrawal,out
3,Елена,Зарплатный клиент,56,Актобе,155801,2025-07-10,Отели,78295,USD,p2p_out,out
3,Елена,Зарплатный клиент,56,Актобе,155801,2025-07-11,Доход,142396,KZT,salary_in,in
3,Елена,Зарплатный клиент,56,Актобе,155801,2025-08-09,Образование,7588,KZT,p2p_out,out
3,Елена,Зарплатный клиент,56,Актобе,155801,2025-07-22,Смотрим дома,29178,EUR,atm_withdrawal,out
3,Елена,Зарплатный клиент,56,Актобе,155801,2025-07-09,Рестораны,8709,KZT,fx_buy,out
3,Елена,Зарплатный клиент,56,Актобе,155801,2025-08-25,Одежда,43918,KZT,card_out,out
3,Елена,Зарплатный клиент,56,Актобе,155801,2025-09-11,Электроника,34982,KZT,card_out,out
4,Дмитрий,Студент,42,Алматы,47797,2025-07-18,Одежда,38678,USD,fx_sell,out
4,Дмитрий,Студент,42,Алматы,47797,2025-06-26,Играем дома,22732,KZT,fx_buy,out
4,Дмитрий,Студент,42,Алматы,47797,2025-08-26,Доход,16190,KZT,stipend_in,in
4,Дмитрий,Студент,42,Алматы,47797,2025-07-27,Образование,43356,EUR,card_out,out
4,Дмитрий,Студент,42,Алматы,47797,2025-09-11,Доход,17114,KZT,salary_in,in
4,Дмитрий,Студент,42,Алматы,47797,2025-07-02,Доход,34933,KZT,refund_in,in
4,Дмитрий,Студент,42,Алматы,47797,2025-08-21,Онлайн-сервисы,47427,KZT,atm_withdrawal,out
4,Дмитрий,Студент,42,Алматы,47797,2025-06-16,Транспорт,34307,KZT,atm_withdrawal,out
4,Дмитрий,Студент,42,Алматы,47797,2025-08-04,Играем дома,39088,KZT,card_out,out
4,Дмитрий,Студент,42,Алматы,47797,2025-06-22,Одежда,35349,KZT,fx_sell,out
4,Дмитрий,Студент,42,Алматы,47797,2025-09-08,Доход,14804,KZT,refund_in,in
4,Дмитрий,Студент,42,Алматы,47797,2025-07-10,Электроника,30548,USD,atm_withdrawal,out
4,Дмитрий,Студент,42,Алматы,47797,2025-08-12,Рестораны,28833,KZT,card_out,out
4,Дмитрий,Студент,42,Алматы,47797,2025-06-20,Доход,30384,KZT,salary_in,in
4,Дмитрий,Студент,42,Алматы,47797,2025-09-13,Косметика и парфюмерия,19384,USD,fx_buy,out
4,Дмитрий,Студент,42,Алматы,47797,2025-09-09,Доход,33574,USD,salary_in,in
4,Дмитрий,Студент,42,Алматы,47797,2025-07-23,Доход,23456,USD,stipend_in,in
4,Дмитрий,Студент,42,Алматы,47797,2025-06-28,Продукты,18100,KZT,p2p_out,out
4,Дмитрий,Студент,42,Алматы,47797,2025-07-14,Доход,36657,KZT,refund_in,in
4,Дмитрий,Студент,42,Алматы,47797,2025-07-04,Смотрим дома,44125,KZT,atm_withdrawal,out
4,Дмитрий,Студент,42,Алматы,47797,2025-07-26,Доход,18427,USD,stipend_in,in
4,Дмитрий,Студент,42,Алматы,47797,2025-07-19,Образование,40764,EUR,fx_sell,out
4,Дмитрий,Студент,42,Алматы,47797,2025-07-10,Доход,25781,KZT,cashback_in,in
4,Дмитрий,Студент,42,Алматы,47797,2025-08-07,Рестораны,15209,KZT,p2p_out,out
4,Дмитрий,Студент,42,Алматы,47797,2025-08-07,Образование,5637,KZT,fx_buy,out
5,Анна,Премиальный клиент,34,Актобе,865340,2025-09-04,Доход,520736,KZT,stipend_in,in
5,Анна,Премиальный клиент,34,Актобе,865340,2025-06-22,Рестораны,10569,USD,fx_sell,out
5,Анна,Премиальный клиент,34,Актобе,865340,2025-08-02,Такси,8830,KZT,card_out,out
5,Анна,Премиальный клиент,34,Актобе,865340,2025-08-29,Онлайн-сервисы,43679,KZT,fx_buy,out
5,Анна,Премиальный клиент,34,Актобе,865340,2025-07-09,Доход,341868,KZT,cashback_in,in
5,Анна,Премиальный клиент,34,Актобе,865340,2025-07-15,Такси,6124,KZT,fx_sell,out
5,Анна,Премиальный клиент,34,Актобе,865340,2025-08-03,Отели,154680,KZT,card_out,out
5,Анна,Премиальный клиент,34,Актобе,865340,2025-06-16,Доход,101865,USD,salary_in,in
5,Анна,Премиальный клиент,34,Актобе,865340,2025-08-18,Едим дома,44221,EUR,card_out,out
5,Анна,Премиальный клиент,34,Актобе,865340,2025-07-13,Продукты,14568,KZT,atm_withdrawal,out
5,Анна,Премиальный клиент,34,Актобе,865340,2025-07-24,Образование,29699,EUR,atm_withdrawal,out
5,Анна,Премиальный клиент,34,Актобе,865340,2025-06-18,Смотрим дома,47391,KZT,p2p_out,out
5,Анна,Премиальный клиент,34,Актобе,865340,2025-09-07,Косметика и парфюмерия,39638,KZT,p2p_out,out
5,Анна,Премиальный клиент,34,Актобе,865340,2025-08-27,Такси,4086,KZT,p2p_out,out
5,Анна,Премиальный клиент,34,Актобе,865340,2025-08-17,Едим дома,30926,EUR,card_out,out
5,Анна,Премиальный клиент,34,Актобе,865340,2025-06-16,Едим дома,4596,KZT,card_out,out
5,Анна,Премиальный клиент,34,Актобе,865340,2025-08-20,Такси,7371,EUR,card_out,out
5,Анна,Премиальный клиент,34,Актобе,865340,2025-08-11,Онлайн-сервисы,24275,KZT,card_out,out
5,Анна,Премиальный клиент,34,Актобе,865340,2025-08-03,Ювелирные изделия,78447,KZT,fx_buy,out
5,Анна,Премиальный клиент,34,Актобе,865340,2025-07-17,Одежда,29024,KZT,fx_sell,out
5,Анна,Премиальный клиент,34,Актобе,865340,2025-07-23,Ювелирные изделия,106125,KZT,fx_buy,out
5,Анна,Премиальный клиент,34,Актобе,865340,2025-09-11,Онлайн-сервисы,11787,EUR,fx_sell,out
5,Анна,Премиальный клиент,34,Актобе,865340,2025-07-10,Играем дома,23350,EUR,fx_buy,out
6,Сергей,Зарплатный клиент,47,Шымкент,410669,2025-07-10,Онлайн-сервисы,47514,USD,atm_withdrawal,out
6,Сергей,Зарплатный клиент,47,Шымкент,410669,2025-08-01,Смотрим дома,27386,KZT,fx_buy,out
6,Сергей,Зарплатный клиент,47,Шымкент,410669,2025-08-25,Образование,40001,EUR,card_out,out
6,Сергей,Зарплатный клиент,47,Шымкент,410669,2025-07-12,Электроника,33254,KZT,p2p_out,out
6,Сергей,Зарплатный клиент,47,Шымкент,410669,2025-06-29,Продукты,1009,USD,atm_withdrawal,out
6,Сергей,Зарплатный клиент,47,Шымкент,410669,2025-08-22,Рестораны,10287,KZT,fx_sell,out
6,Сергей,Зарплатный клиент,47,Шымкент,410669,2025-06-22,Отели,200288,KZT,card_out,out
6,Сергей,Зарплатный клиент,47,Шымкент,410669,2025-07-01,Ювелирные изделия,72078,KZT,p2p_out,out
6,Сергей,Зарплатный клиент,47,Шымкент,410669,2025-07-07,Доход,315073,EUR,refund_in,in
6,Сергей,Зарплатный клиент,47,Шымкент,410669,2025-07-01,Доход,345842,KZT,refund_in,in
6,Сергей,Зарплатный клиент,47,Шымкент,410669,2025-09-13,Ювелирные изделия,167023,USD,fx_buy,out
6,Сергей,Зарплатный клиент,47,Шымкент,410669,2025-07-04,Доход,393245,KZT,salary_in,in
6,Сергей,Зарплатный клиент,47,Шымкент,410669,2025-08-15,Доход,165002,EUR,salary_in,in
6,Сергей,Зарплатный клиент,47,Шымкент,410669,2025-08-19,Доход,24060,KZT,salary_in,in
6,Сергей,Зарплатный клиент,47,Шымкент,410669,2025-06-17,Онлайн-сервисы,8804,EUR,p2p_out,out
6,Сергей,Зарплатный клиент,47,Шымкент,410669,2025-08-22,Продукты,3192,KZT,card_out,out
6,Сергей,Зарплатный клиент,47,Шымкент,410669,2025-07-10,Онлайн-сервисы,12302,KZT,p2p_out,out
6,Сергей,Зарплатный клиент,47,Шымкент,410669,2025-07-06,Доход,355266,KZT,cashback_in,in
6,Сергей,Зарплатный клиент,47,Шымкент,410669,2025-07-12,Образование,6408,KZT,fx_sell,out
6,Сергей,Зарплатный клиент,47,Шымкент,410669,2025-08-18,Ювелирные изделия,96656,USD,card_out,out
6,Сергей,Зарплатный клиент,47,Шымкент,410669,2025-08-18,Электроника,20029,KZT,fx_buy,out
6,Сергей,Зарплатный клиент,47,Шымкент,410669,2025-09-04,Смотрим дома,47197,EUR,card_out,out
6,Сергей,Зарплатный клиент,47,Шымкент,410669,2025-09-01,Путешествия,252967,KZT,fx_sell,out
6,Сергей,Зарплатный клиент,47,Шымкент,410669,2025-07-20,Онлайн-сервисы,15382,KZT,fx_sell,out
6,Сергей,Зарплатный клиент,47,Шымкент,410669,2025-06-30,Играем дома,40666,KZT,p2p_out,out
6,Сергей,Зарплатный клиент,47,Шымкент,410669,2025-08-09,Играем дома,6779,KZT,fx_sell,out
6,Сергей,Зарплатный клиент,47,Шымкент,410669,2025-07-02,Ювелирные изделия,106077,KZT,atm_withdrawal,out
6,Сергей,Зарплатный клиент,47,Шымкент,410669,2025-09-02,Доход,135885,KZT,refund_in,in
6,Сергей,Зарплатный клиент,47,Шымкент,410669,2025-06-17,Онлайн-сервисы,28306,KZT,fx_buy,out
6,Сергей,Зарплатный клиент,47,Шымкент,410669,2025-07-08,Отели,77632,KZT,atm_withdrawal,out
6,Сергей,Зарплатный клиент,47,Шымкент,410669,2025-08-14,Ювелирные изделия,164869,KZT,p2p_out,out
6,Сергей,Зарплатный клиент,47,Шымкент,410669,2025-08-22,Отели,282793,EUR,fx_sell,out
6,Сергей,Зарплатный клиент,47,Шымкент,410669,2025-08-09,Едим дома,35622,EUR,card_out,out
6,Сергей,Зарплатный клиент,47,Шымкент,410669,2025-07-21,Образование,12694,KZT,fx_sell,out
6,Сергей,Зарплатный клиент,47,Шымкент,410669,2025-07-23,Путешествия,283588,KZT,card_out,out
6,Сергей,Зарплатный клиент,47,Шымкент,410669,2025-08-04,Путешествия,281001,KZT,card_out,out
6,Сергей,Зарплатный клиент,47,Шымкент,410669,2025-08-07,Рестораны,29993,KZT,p2p_out,out
6,Сергей,Зарплатный клиент,47,Шымкент,410669,2025-08-28,Играем дома,14490,EUR,fx_buy,out
6,Сергей,Зарплатный клиент,47,Шымкент,410669,2025-08-21,Путешествия,268967,KZT,fx_sell,out
6,Сергей,Зарплатный клиент,47,Шымкент,410669,2025-07-27,Играем дома,11395,KZT,atm_withdrawal,out
6,Сергей,Зарплатный клиент,47,Шымкент,410669,2025-06-21,Продукты,20816,KZT,fx_buy,out
6,Сергей,Зарплатный клиент,47,Шымкент,410669,2025-08-25,Транспорт,21806,KZT,fx_sell,out
6,Сергей,Зарплатный клиент,47,Шымкент,410669,2025-09-01,Такси,1951,KZT,p2p_out,out
6,Сергей,Зарплатный клиент,47,Шымкент,410669,2025-07-14,Одежда,21908,USD,card_out,out
6,Сергей,Зарплатный клиент,47,Шымкент,410669,2025-08-15,Доход,159521,KZT,cashback_in,in
6,Сергей,Зарплатный клиент,47,Шымкент,410669,2025-06-28,Рестораны,11645,KZT,atm_withdrawal,out
6,Сергей,Зарплатный клиент,47,Шымкент,410669,2025-08-07,Путешествия,102487,USD,card_out,out
6,Сергей,Зарплатный клиент,47,Шымкент,410669,2025-07-21,Доход,375321,KZT,refund_in,in
6,Сергей,Зарплатный клиент,47,Шымкент,410669,2025-06-23,Транспорт,48190,KZT,card_out,out
6,Сергей,Зарплатный клиент,47,Шымкент,410669,2025-08-13,Одежда,46368,KZT,card_out,out
6,Сергей,Зарплатный клиент,47,Шымкент,410669,2025-06-18,Образование,9519,EUR,fx_sell,out
6,Сергей,Зарплатный клиент,47,Шымкент,410669,2025-07-09,Доход,111358,KZT,refund_in,in
6,Сергей,Зарплатный клиент,47,Шымкент,410669,2025-08-10,Электроника,13175,KZT,p2p_out,out
6,Сергей,Зарплатный клиент,47,Шымкент,410669,2025-08-08,Электроника,7150,KZT,atm_withdrawal,out
6,Сергей,Зарплатный клиент,47,Шымкент,410669,2025-09-07,Отели,201151,USD,p2p_out,out
6,Сергей,Зарплатный клиент,47,Шымкент,410669,2025-08-26,Транспорт,9705,KZT,atm_withdrawal,out
6,Сергей,Зарплатный клиент,47,Шымкент,410669,2025-07-29,Играем дома,16358,KZT,atm_withdrawal,out
6,Сергей,Зарплатный клиент,47,Шымкент,410669,2025-07-09,Транспорт,15596,USD,fx_buy,out
6,Сергей,Зарплатный клиент,47,Шымкент,410669,2025-08-07,Едим дома,8083,KZT,atm_withdrawal,out
6,Сергей,Зарплатный клиент,47,Шымкент,410669,2025-06-20,Продукты,49285,KZT,atm_withdrawal,out
6,Сергей,Зарплатный клиент,47,Шымкент,410669,2025-06-19,Продукты,36954,KZT,atm_withdrawal,out
6,Сергей,Зарплатный клиент,47,Шымкент,410669,2025-08-31,Рестораны,6304,KZT,fx_sell,out
6,Сергей,Зарплатный клиент,47,Шымкент,410669,2025-08-23,Доход,328105,KZT,refund_in,in
6,Сергей,Зарплатный клиент,47,Шымкент,410669,2025-08-16,Косметика и парфюмерия,17458,EUR,fx_sell,out
6,Сергей,Зарплатный клиент,47,Шымкент,410669,2025-08-27,Смотрим дома,32653,KZT,fx_buy,out
6,Сергей,Зарплатный клиент,47,Шымкент,410669,2025-08-28,Ювелирные изделия,31622,USD,atm_withdrawal,out
6,Сергей,Зарплатный клиент,47,Шымкент,410669,2025-06-20,Едим дома,5263,KZT,p2p_out,out
6,Сергей,Зарплатный клиент,47,Шымкент,410669,2025-09-02,Отели,240124,KZT,atm_withdrawal,out
6,Сергей,Зарплатный клиент,47,Шымкент,410669,2025-08-19,Электроника,37397,KZT,atm_withdrawal,out
6,Сергей,Зарплатный клиент,47,Шымкент,410669,2025-07-22,Такси,6490,KZT,fx_sell,out
6,Сергей,Зарплатный клиент,47,Шымкент,410669,2025-08-16,Онлайн-сервисы,25063,KZT,p2p_out,out
6,Сергей,Зарплатный клиент,47,Шымкент,410669,2025-07-17,Такси,5150,EUR,atm_withdrawal,out
6,Сергей,Зарплатный клиент,47,Шымкент,410669,2025-08-23,Продукты,41483,KZT,atm_withdrawal,out
6,Сергей,Зарплатный клиент,47,Шымкент,410669,2025-06-23,Играем дома,25058,USD,card_out,out
6,Сергей,Зарплатный клиент,47,Шымкент,410669,2025-07-03,Отели,65048,KZT,card_out,out
6,Сергей,Зарплатный клиент,47,Шымкент,410669,2025-09-13,Играем дома,46080,KZT,atm_withdrawal,out
7,Ольга,Премиальный клиент,54,Караганда,1240829,2025-08-26,Играем дома,7960,USD,p2p_out,out
7,Ольга,Премиальный клиент,54,Караганда,1240829,2025-08-28,Доход,329278,KZT,cashback_in,in
7,Ольга,Премиальный клиент,54,Караганда,1240829,2025-07-14,Доход,1201902,USD,cashback_in,in
7,Ольга,Премиальный клиент,54,Караганда,1240829,2025-06-25,Ювелирные изделия,107454,KZT,card_out,out
7,Ольга,Премиальный клиент,54,Караганда,1240829,2025-08-19,Смотрим дома,30711,KZT,atm_withdrawal,out
7,Ольга,Премиальный клиент,54,Караганда,1240829,2025-08-22,Ювелирные изделия,74813,USD,atm_withdrawal,out
7,Ольга,Премиальный клиент,54,Караганда,1240829,2025-09-07,Онлайн-сервисы,42786,USD,atm_withdrawal,out
7,Ольга,Премиальный клиент,54,Караганда,1240829,2025-06-24,Путешествия,87265,KZT,p2p_out,out
7,Ольга,Премиальный клиент,54,Караганда,1240829,2025-08-28,Онлайн-сервисы,36435,KZT,p2p_out,out
7,Ольга,Премиальный клиент,54,Караганда,1240829,2025-07-31,Отели,184055,KZT,p2p_out,out
7,Ольга,Премиальный клиент,54,Караганда,1240829,2025-07-21,Косметика и парфюмерия,45547,USD,card_out,out
7,Ольга,Премиальный клиент,54,Караганда,1240829,2025-06-20,Рестораны,18737,KZT,card_out,out
7,Ольга,Премиальный клиент,54,Караганда,1240829,2025-07-10,Смотрим дома,38114,USD,atm_withdrawal,out
7,Ольга,Премиальный клиент,54,Караганда,1240829,2025-09-01,Такси,8206,EUR,p2p_out,out
7,Ольга,Премиальный клиент,54,Караганда,1240829,2025-08-16,Одежда,13984,KZT,fx_sell,out
7,Ольга,Премиальный клиент,54,Караганда,1240829,2025-09-04,Образование,13676,KZT,fx_buy,out
7,Ольга,Премиальный клиент,54,Караганда,1240829,2025-07-27,Электроника,33913,EUR,atm_withdrawal,out
7,Ольга,Премиальный клиент,54,Караганда,1240829,2025-08-08,Продукты,25557,KZT,fx_sell,out
7,Ольга,Премиальный клиент,54,Караганда,1240829,2025-08-30,Онлайн-сервисы,32883,KZT,fx_buy,out
7,Ольга,Премиальный клиент,54,Караганда,1240829,2025-08-08,Играем дома,38573,EUR,fx_buy,out
7,Ольга,Премиальный клиент,54,Караганда,1240829,2025-06-18,Одежда,49280,KZT,atm_withdrawal,out
7,Ольга,Премиальный клиент,54,Караганда,1240829,2025-09-10,Путешествия,262542,EUR,fx_sell,out
7,Ольга,Премиальный клиент,54,Караганда,1240829,2025-07-02,Едим дома,18320,KZT,atm_withdrawal,out
7,Ольга,Премиальный клиент,54,Караганда,1240829,2025-09-11,Доход,978452,EUR,salary_in,in
7,Ольга,Премиальный клиент,54,Караганда,1240829,2025-07-29,Едим дома,19297,KZT,p2p_out,out
7,Ольга,Премиальный клиент,54,Караганда,1240829,2025-07-15,Такси,8312,KZT,atm_withdrawal,out
7,Ольга,Премиальный клиент,54,Караганда,1240829,2025-08-13,Одежда,11222,KZT,fx_sell,out
7,Ольга,Премиальный клиент,54,Караганда,1240829,2025-07-03,Доход,775537,KZT,salary_in,in
7,Ольга,Премиальный клиент,54,Караганда,1240829,2025-07-20,Транспорт,18602,KZT,fx_sell,out
7,Ольга,Премиальный клиент,54,Караганда,1240829,2025-06-30,Образование,16585,KZT,card_out,out
7,Ольга,Премиальный клиент,54,Караганда,1240829,2025-06-27,Играем дома,6295,KZT,fx_sell,out
8,Андрей,Зарплатный клиент,23,Актобе,284092,2025-07-07,Доход,135991,USD,stipend_in,in
8,Андрей,Зарплатный клиент,23,Актобе,284092,2025-07-14,Смотрим дома,2591,KZT,p2p_out,out
8,Андрей,Зарплатный клиент,23,Актобе,284092,2025-08-05,Одежда,21695,KZT,card_out,out
8,Андрей,Зарплатный клиент,23,Актобе,284092,2025-06-26,Продукты,19088,USD,p2p_out,out
8,Андрей,Зарплатный клиент,23,Актобе,284092,2025-07-31,Смотрим дома,21670,KZT,fx_buy,out
8,Андрей,Зарплатный клиент,23,Актобе,284092,2025-08-07,Отели,99708,KZT,p2p_out,out
8,Андрей,Зарплатный клиент,23,Актобе,284092,2025-08-14,Доход,12719,KZT,stipend_in,in
8,Андрей,Зарплатный клиент,23,Актобе,284092,2025-07-23,Образование,19787,KZT,atm_withdrawal,out
8,Андрей,Зарплатный клиент,23,Актобе,284092,2025-06-28,Транспорт,22727,USD,atm_withdrawal,out
8,Андрей,Зарплатный клиент,23,Актобе,284092,2025-07-30,Едим дома,32966,KZT,card_out,out
8,Андрей,Зарплатный клиент,23,Актобе,284092,2025-07-16,Одежда,2007,EUR,p2p_out,out
8,Андрей,Зарплатный клиент,23,Актобе,284092,2025-06-23,Смотрим дома,43207,KZT,card_out,out
8,Андрей,Зарплатный клиент,23,Актобе,284092,2025-07-13,Образование,6084,EUR,fx_sell,out
8,Андрей,Зарплатный клиент,23,Актобе,284092,2025-07-08,Путешествия,188563,KZT,atm_withdrawal,out
8,Андрей,Зарплатный клиент,23,Актобе,284092,2025-07-12,Ювелирные изделия,103609,EUR,card_out,out
8,Андрей,Зарплатный клиент,23,Актобе,284092,2025-07-11,Онлайн-сервисы,3353,EUR,p2p_out,out
8,Андрей,Зарплатный клиент,23,Актобе,284092,2025-07-12,Транспорт,26338,KZT,fx_buy,out
8,Андрей,Зарплатный клиент,23,Актобе,284092,2025-07-24,Косметика и парфюмерия,45064,EUR,fx_sell,out
8,Андрей,Зарплатный клиент,23,Актобе,284092,2025-06-27,Доход,237286,KZT,cashback_in,in
8,Андрей,Зарплатный клиент,23,Актобе,284092,2025-07-30,Путешествия,139186,USD,card_out,out
8,Андрей,Зарплатный клиент,23,Актобе,284092,2025-08-06,Одежда,18482,KZT,fx_sell,out
8,Андрей,Зарплатный клиент,23,Актобе,284092,2025-08-13,Электроника,4093,KZT,fx_buy,out
8,Андрей,Зарплатный клиент,23,Актобе,284092,2025-08-18,Доход,254459,KZT,stipend_in,in
8,Андрей,Зарплатный клиент,23,Актобе,284092,2025-08-24,Доход,194403,EUR,salary_in,in
8,Андрей,Зарплатный клиент,23,Актобе,284092,2025-08-26,Такси,8424,KZT,p2p_out,out
8,Андрей,Зарплатный клиент,23,Актобе,284092,2025-08-07,Одежда,27431,KZT,p2p_out,out
8,Андрей,Зарплатный клиент,23,Актобе,284092,2025-08-20,Рестораны,23639,KZT,fx_buy,out
8,Андрей,Зарплатный клиент,23,Актобе,284092,2025-07-04,Едим дома,37444,USD,card_out,out
8,Андрей,Зарплатный клиент,23,Актобе,284092,2025-09-06,Электроника,31707,KZT,atm_withdrawal,out
8,Андрей,Зарплатный клиент,23,Актобе,284092,2025-07-12,Онлайн-сервисы,16251,EUR,fx_buy,out
8,Андрей,Зарплатный клиент,23,Актобе,284092,2025-08-30,Электроника,29541,KZT,card_out,out
8,Андрей,Зарплатный клиент,23,Актобе,284092,2025-06-22,Ювелирные изделия,159749,EUR,card_out,out
8,Андрей,Зарплатный клиент,23,Актобе,284092,2025-09-12,Играем дома,37935,USD,fx_sell,out
8,Андрей,Зарплатный клиент,23,Актобе,284092,2025-08-27,Рестораны,26804,KZT,p2p_out,out
8,Андрей,Зарплатный клиент,23,Актобе,284092,2025-08-12,Доход,191002,EUR,salary_in,in
8,Андрей,Зарплатный клиент,23,Актобе,284092,2025-07-25,Продукты,39559,EUR,fx_buy,out
8,Андрей,Зарплатный клиент,23,Актобе,284092,2025-06-20,Продукты,10127,KZT,atm_withdrawal,out
8,Андрей,Зарплатный клиент,23,Актобе,284092,2025-09-12,Едим дома,19333,KZT,fx_sell,out
8,Андрей,Зарплатный клиент,23,Актобе,284092,2025-06-29,Ювелирные изделия,184470,KZT,atm_withdrawal,out
8,Андрей,Зарплатный клиент,23,Актобе,284092,2025-07-30,Образование,1105,KZT,atm_withdrawal,out
8,Андрей,Зарплатный клиент,23,Актобе,284092,2025-07-27,Доход,245458,KZT,salary_in,in
8,Андрей,Зарплатный клиент,23,Актобе,284092,2025-09-08,Едим дома,26291,KZT,card_out,out
8,Андрей,Зарплатный клиент,23,Актобе,284092,2025-07-14,Образование,36198,KZT,p2p_out,out
8,Андрей,Зарплатный клиент,23,Актобе,284092,2025-06-22,Ювелирные изделия,111941,KZT,atm_withdrawal,out
8,Андрей,Зарплатный клиент,23,Актобе,284092,2025-09-11,Транспорт,37877,KZT,atm_withdrawal,out
8,Андрей,Зарплатный клиент,23,Актобе,284092,2025-06-24,Косметика и парфюмерия,2560,USD,fx_buy,out
8,Андрей,Зарплатный клиент,23,Актобе,284092,2025-08-26,Доход,80316,USD,refund_in,in
9,Наталья,Премиальный клиент,49,Шымкент,720971,2025-08-27,Отели,272266,KZT,card_out,out
9,Наталья,Премиальный клиент,49,Шымкент,720971,2025-08-17,Такси,7236,EUR,fx_sell,out
9,Наталья,Премиальный клиент,49,Шымкент,720971,2025-07-13,Косметика и парфюмерия,8005,USD,fx_buy,out
9,Наталья,Премиальный клиент,49,Шымкент,720971,2025-08-14,Онлайн-сервисы,48908,KZT,fx_buy,out
9,Наталья,Премиальный клиент,49,Шымкент,720971,2025-08-25,Рестораны,20282,KZT,card_out,out
9,Наталья,Премиальный клиент,49,Шымкент,720971,2025-08-09,Рестораны,15817,KZT,fx_buy,out
9,Наталья,Премиальный клиент,49,Шымкент,720971,2025-08-09,Смотрим дома,18778,KZT,p2p_out,out
9,Наталья,Премиальный клиент,49,Шымкент,720971,2025-09-02,Рестораны,24342,KZT,fx_sell,out
9,Наталья,Премиальный клиент,49,Шымкент,720971,2025-08-19,Электроника,42899,EUR,atm_withdrawal,out
9,Наталья,Премиальный клиент,49,Шымкент,720971,2025-06-28,Отели,226037,USD,fx_sell,out
9,Наталья,Премиальный клиент,49,Шымкент,720971,2025-08-04,Транспорт,35414,EUR,fx_sell,out
9,Наталья,Премиальный клиент,49,Шымкент,720971,2025-06-17,Косметика и парфюмерия,27616,KZT,card_out,out
9,Наталья,Премиальный клиент,49,Шымкент,720971,2025-07-10,Доход,154832,KZT,salary_in,in
9,Наталья,Премиальный клиент,49,Шымкент,720971,2025-07-20,Косметика и парфюмерия,45738,EUR,p2p_out,out
9,Наталья,Премиальный клиент,49,Шымкент,720971,2025-08-31,Одежда,12083,EUR,atm_withdrawal,out
9,Наталья,Премиальный клиент,49,Шымкент,720971,2025-09-13,Онлайн-сервисы,24499,KZT,p2p_out,out
9,Наталья,Премиальный клиент,49,Шымкент,720971,2025-07-19,Путешествия,266184,KZT,fx_buy,out
9,Наталья,Премиальный клиент,49,Шымкент,720971,2025-08-08,Транспорт,27928,KZT,fx_sell,out
9,Наталья,Премиальный клиент,49,Шымкент,720971,2025-08-01,Образование,18658,USD,fx_buy,out
9,Наталья,Премиальный клиент,49,Шымкент,720971,2025-08-25,Рестораны,19846,USD,card_out,out
9,Наталья,Премиальный клиент,49,Шымкент,720971,2025-08-25,Продукты,21677,USD,p2p_out,out
9,Наталья,Премиальный клиент,49,Шымкент,720971,2025-07-17,Продукты,34997,KZT,p2p_out,out
9,Наталья,Премиальный клиент,49,Шымкент,720971,2025-08-25,Доход,255546,EUR,refund_in,in
9,Наталья,Премиальный клиент,49,Шымкент,720971,2025-06-17,Едим дома,4249,KZT,p2p_out,out
9,Наталья,Премиальный клиент,49,Шымкент,720971,2025-08-07,Электроника,13595,KZT,fx_sell,out
9,Наталья,Премиальный клиент,49,Шымкент,720971,2025-09-06,Доход,510726,USD,salary_in,in
9,Наталья,Премиальный клиент,49,Шымкент,720971,2025-09-09,Доход,58320,KZT,cashback_in,in
9,Наталья,Премиальный клиент,49,Шымкент,720971,2025-08-02,Рестораны,20504,KZT,atm_withdrawal,out
9,Наталья,Премиальный клиент,49,Шымкент,720971,2025-09-06,Доход,498011,KZT,salary_in,in
9,Наталья,Премиальный клиент,49,Шымкент,720971,2025-07-04,Путешествия,151376,KZT,card_out,out
9,Наталья,Премиальный клиент,49,Шымкент,720971,2025-08-14,Отели,208056,KZT,fx_sell,out
9,Наталья,Премиальный клиент,49,Шымкент,720971,2025-07-14,Рестораны,12848,KZT,card_out,out
9,Наталья,Премиальный клиент,49,Шымкент,720971,2025-07-28,Отели,266222,KZT,fx_sell,out
9,Наталья,Премиальный клиент,49,Шымкент,720971,2025-07-01,Доход,242549,EUR,salary_in,in
9,Наталья,Премиальный клиент,49,Шымкент,720971,2025-09-10,Ювелирные изделия,103297,USD,atm_withdrawal,out
9,Наталья,Премиальный клиент,49,Шымкент,720971,2025-08-22,Играем дома,2367,EUR,card_out,out
9,Наталья,Премиальный клиент,49,Шымкент,720971,2025-07-22,Отели,77723,KZT,card_out,out
9,Наталья,Премиальный клиент,49,Шымкент,720971,2025-07-05,Такси,6592,KZT,fx_buy,out
9,Наталья,Премиальный клиент,49,Шымкент,720971,2025-07-27,Такси,8010,EUR,fx_buy,out
9,Наталья,Премиальный клиент,49,Шымкент,720971,2025-06-28,Электроника,42986,USD,card_out,out
9,Наталья,Премиальный клиент,49,Шымкент,720971,2025-08-19,Доход,41348,USD,stipend_in,in
9,Наталья,Премиальный клиент,49,Шымкент,720971,2025-08-19,Отели,103551,USD,atm_withdrawal,out
9,Наталья,Премиальный клиент,49,Шымкент,720971,2025-06-27,Образование,26519,EUR,p2p_out,out
9,Наталья,Премиальный клиент,49,Шымкент,720971,2025-07-30,Играем дома,25596,KZT,p2p_out,out
9,Наталья,Премиальный клиент,49,Шымкент,720971,2025-06-26,Транспорт,9906,KZT,card_out,out
9,Наталья,Премиальный клиент,49,Шымкент,720971,2025-08-30,Одежда,47881,EUR,p2p_out,out
9,Наталья,Премиальный клиент,49,Шымкент,720971,2025-07-08,Путешествия,223724,KZT,p2p_out,out
9,Наталья,Премиальный клиент,49,Шымкент,720971,2025-08-10,Смотрим дома,43641,KZT,fx_buy,out
9,Наталья,Премиальный клиент,49,Шымкент,720971,2025-07-27,Доход,267368,EUR,stipend_in,in
9,Наталья,Премиальный клиент,49,Шымкент,720971,2025-07-01,Транспорт,30734,USD,atm_withdrawal,out
9,Наталья,Премиальный клиент,49,Шымкент,720971,2025-08-14,Онлайн-сервисы,25489,USD,card_out,out
9,Наталья,Премиальный клиент,49,Шымкент,720971,2025-08-03,Доход,642259,EUR,refund_in,in
9,Наталья,Премиальный клиент,49,Шымкент,720971,2025-09-07,Доход,576956,KZT,refund_in,in
9,Наталья,Премиальный клиент,49,Шымкент,720971,2025-07-29,Доход,206501,EUR,cashback_in,in
9,Наталья,Премиальный клиент,49,Шымкент,720971,2025-08-24,Доход,193321,KZT,salary_in,in
9,Наталья,Премиальный клиент,49,Шымкент,720971,2025-08-30,Смотрим дома,10852,KZT,card_out,out
9,Наталья,Премиальный клиент,49,Шымкент,720971,2025-07-04,Продукты,35084,KZT,atm_withdrawal,out
9,Наталья,Премиальный клиент,49,Шымкент,720971,2025-07-26,Путешествия,212982,KZT,fx_buy,out
9,Наталья,Премиальный клиент,49,Шымкент,720971,2025-06-17,Путешествия,249648,KZT,atm_withdrawal,out
9,Наталья,Премиальный клиент,49,Шымкент,720971,2025-07-07,Такси,2249,KZT,fx_buy,out
9,Наталья,Премиальный клиент,49,Шымкент,720971,2025-08-24,Отели,214827,KZT,p2p_out,out
9,Наталья,Премиальный клиент,49,Шымкент,720971,2025-09-04,Одежда,8421,KZT,fx_sell,out
9,Наталья,Премиальный клиент,49,Шымкент,720971,2025-09-12,Косметика и парфюмерия,29482,KZT,fx_sell,out
9,Наталья,Премиальный клиент,49,Шымкент,720971,2025-08-06,Играем дома,39467,KZT,fx_buy,out
9,Наталья,Премиальный клиент,49,Шымкент,720971,2025-08-03,Доход,326397,KZT,salary_in,in
9,Наталья,Премиальный клиент,49,Шымкент,720971,2025-08-09,Онлайн-сервисы,11106,EUR,card_out,out
9,Наталья,Премиальный клиент,49,Шымкент,720971,2025-08-04,Одежда,4713,KZT,card_out,out
9,Наталья,Премиальный клиент,49,Шымкент,720971,2025-09-09,Отели,123794,EUR,atm_withdrawal,out
9,Наталья,Премиальный клиент,49,Шымкент,720971,2025-08-01,Такси,6291,KZT,atm_withdrawal,out
9,Наталья,Премиальный клиент,49,Шымкент,720971,2025-06-25,Доход,515629,KZT,cashback_in,in
9,Наталья,Премиальный клиент,49,Шымкент,720971,2025-09-06,Смотрим дома,48556,USD,fx_buy,out
9,Наталья,Премиальный клиент,49,Шымкент,720971,2025-08-14,Косметика и парфюмерия,24197,KZT,atm_withdrawal,out
9,Наталья,Премиальный клиент,49,Шымкент,720971,2025-07-21,Продукты,21103,KZT,fx_buy,out
9,Наталья,Премиальный клиент,49,Шымкент,720971,2025-09-11,Доход,637035,KZT,salary_in,in
9,Наталья,Премиальный клиент,49,Шымкент,720971,2025-09-09,Онлайн-сервисы,19752,KZT,fx_buy,out
9,Наталья,Премиальный клиент,49,Шымкент,720971,2025-08-15,Ювелирные изделия,121878,KZT,atm_withdrawal,out
9,Наталья,Премиальный клиент,49,Шымкент,720971,2025-08-29,Путешествия,168413,KZT,atm_withdrawal,out
9,Наталья,Премиальный клиент,49,Шымкент,720971,2025-08-22,Рестораны,21724,KZT,card_out,out
9,Наталья,Премиальный клиент,49,Шымкент,720971,2025-07-03,Такси,8574,KZT,fx_buy,out
9,Наталья,Премиальный клиент,49,Шымкент,720971,2025-07-08,Доход,624805,KZT,stipend_in,in
9,Наталья,Премиальный клиент,49,Шымкент,720971,2025-08-30,Доход,71929,KZT,salary_in,in
9,Наталья,Премиальный клиент,49,Шымкент,720971,2025-07-27,Рестораны,6826,EUR,fx_sell,out
9,Наталья,Премиальный клиент,49,Шымкент,720971,2025-06-18,Электроника,29495,KZT,p2p_out,out
9,Наталья,Премиальный клиент,49,Шымкент,720971,2025-08-31,Отели,56721,KZT,p2p_out,out
9,Наталья,Премиальный клиент,49,Шымкент,720971,2025-09-12,Электроника,49895,KZT,fx_buy,out
9,Наталья,Премиальный клиент,49,Шымкент,720971,2025-08-20,Одежда,9286,EUR,card_out,out
9,Наталья,Премиальный клиент,49,Шымкент,720971,2025-07-11,Ювелирные изделия,144099,KZT,fx_sell,out
9,Наталья,Премиальный клиент,49,Шымкент,720971,2025-08-04,Доход,451460,KZT,salary_in,in
9,Наталья,Премиальный клиент,49,Шымкент,720971,2025-09-06,Путешествия,81822,KZT,card_out,out
10,Иван,Студент,29,Караганда,21916,2025-06-28,Доход,15947,EUR,salary_in,in
10,Иван,Студент,29,Караганда,21916,2025-08-13,Электроника,38947,KZT,atm_withdrawal,out
10,Иван,Студент,29,Караганда,21916,2025-08-14,Такси,7488,KZT,atm_withdrawal,out
10,Иван,Студент,29,Караганда,21916,2025-09-03,Образование,38846,KZT,card_out,out
10,Иван,Студент,29,Караганда,21916,2025-09-05,Едим дома,29861,EUR,fx_buy,out
10,Иван,Студент,29,Караганда,21916,2025-09-07,Транспорт,33003,KZT,card_out,out
10,Иван,Студент,29,Караганда,21916,2025-08-05,Доход,11403,KZT,cashback_in,in
10,Иван,Студент,29,Караганда,21916,2025-07-24,Ювелирные изделия,176494,USD,atm_withdrawal,out
10,Иван,Студент,29,Караганда,21916,2025-07-13,Одежда,32238,KZT,p2p_out,out
10,Иван,Студент,29,Караганда,21916,2025-06-20,Доход,16140,EUR,salary_in,in
10,Иван,Студент,29,Караганда,21916,2025-09-09,Рестораны,11548,EUR,p2p_out,out
10,Иван,Студент,29,Караганда,21916,2025-06-27,Косметика и парфюмерия,6542,USD,atm_withdrawal,out
10,Иван,Студент,29,Караганда,21916,2025-07-11,Смотрим дома,48596,USD,atm_withdrawal,out
10,Иван,Студент,29,Караганда,21916,2025-07-23,Доход,10671,KZT,salary_in,in
10,Иван,Студент,29,Караганда,21916,2025-06-25,Транспорт,5798,USD,p2p_out,out
10,Иван,Студент,29,Караганда,21916,2025-07-24,Отели,60749,KZT,atm_withdrawal,out
10,Иван,Студент,29,Караганда,21916,2025-08-11,Транспорт,22223,KZT,atm_withdrawal,out
10,Иван,Студент,29,Караганда,21916,2025-07-24,Доход,16164,KZT,stipend_in,in
10,Иван,Студент,29,Караганда,21916,2025-09-01,Продукты,26000,KZT,card_out,out
10,Иван,Студент,29,Караганда,21916,2025-09-12,Одежда,24561,KZT,card_out,out
10,Иван,Студент,29,Караганда,21916,2025-07-18,Онлайн-сервисы,42674,KZT,fx_sell,out
10,Иван,Студент,29,Караганда,21916,2025-09-06,Доход,17088,KZT,refund_in,in
10,Иван,Студент,29,Караганда,21916,2025-07-16,Одежда,48684,KZT,p2p_out,out
10,Иван,Студент,29,Караганда,21916,2025-07-11,Онлайн-сервисы,29758,KZT,fx_sell,out
10,Иван,Студент,29,Караганда,21916,2025-09-13,Онлайн-сервисы,36479,KZT,p2p_out,out
10,Иван,Студент,29,Караганда,21916,2025-09-09,Онлайн-сервисы,11142,EUR,atm_withdrawal,out
10,Иван,Студент,29,Караганда,21916,2025-09-03,Доход,15510,KZT,cashback_in,in
10,Иван,Студент,29,Караганда,21916,2025-08-17,Смотрим дома,42732,EUR,fx_sell,out
10,Иван,Студент,29,Караганда,21916,2025-09-06,Ювелирные изделия,184960,KZT,fx_buy,out
10,Иван,Студент,29,Караганда,21916,2025-07-03,Рестораны,16824,KZT,p2p_out,out
10,Иван,Студент,29,Караганда,21916,2025-07-08,Едим дома,21669,KZT,card_out,out
10,Иван,Студент,29,Караганда,21916,2025-09-04,Транспорт,22991,KZT,p2p_out,out
10,Иван,Студент,29,Караганда,21916,2025-09-01,Образование,30921,KZT,fx_buy,out
10,Иван,Студент,29,Караганда,21916,2025-09-04,Онлайн-сервисы,27806,KZT,atm_withdrawal,out
10,Иван,Студент,29,Караганда,21916,2025-08-20,Электроника,40896,KZT,fx_buy,out
10,Иван,Студент,29,Караганда,21916,2025-08-23,Путешествия,126971,KZT,fx_sell,out
10,Иван,Студент,29,Караганда,21916,2025-07-30,Отели,80841,EUR,p2p_out,out
10,Иван,Студент,29,Караганда,21916,2025-08-06,Доход,21182,KZT,salary_in,in
10,Иван,Студент,29,Караганда,21916,2025-08-24,Отели,158255,KZT,fx_buy,out
10,Иван,Студент,29,Караганда,21916,2025-06-20,Едим дома,29444,USD,fx_buy,out
10,Иван,Студент,29,Караганда,21916,2025-06-24,Отели,205930,KZT,fx_buy,out
10,Иван,Студент,29,Караганда,21916,2025-06-27,Онлайн-сервисы,44285,KZT,fx_buy,out
10,Иван,Студент,29,Караганда,21916,2025-08-08,Онлайн-сервисы,9894,EUR,p2p_out,out
10,Иван,Студент,29,Караганда,21916,2025-08-26,Электроника,10496,USD,fx_buy,out
10,Иван,Студент,29,Караганда,21916,2025-09-06,Онлайн-сервисы,26860,KZT,card_out,out
10,Иван,Студент,29,Караганда,21916,2025-07-11,Такси,9033,KZT,atm_withdrawal,out
10,Иван,Студент,29,Караганда,21916,2025-06-17,Электроника,26498,KZT,p2p_out,out
10,Иван,Студент,29,Караганда,21916,2025-08-04,Едим дома,20363,EUR,fx_buy,out
10,Иван,Студент,29,Караганда,21916,2025-06-16,Доход,20448,EUR,refund_in,in
10,Иван,Студент,29,Караганда,21916,2025-08-31,Отели,196451,KZT,card_out,out
11,Мария,Стандартный клиент,48,Шымкент,132617,2025-09-10,Онлайн-сервисы,24705,USD,p2p_out,out
11,Мария,Стандартный клиент,48,Шымкент,132617,2025-06-21,Косметика и парфюмерия,15537,EUR,fx_sell,out
11,Мария,Стандартный клиент,48,Шымкент,132617,2025-07-30,Едим дома,16379,KZT,fx_sell,out
11,Мария,Стандартный клиент,48,Шымкент,132617,2025-07-05,Электроника,17087,USD,p2p_out,out
11,Мария,Стандартный клиент,48,Шымкент,132617,2025-06-26,Путешествия,86727,EUR,fx_buy,out
11,Мария,Стандартный клиент,48,Шымкент,132617,2025-08-21,Рестораны,16154,KZT,p2p_out,out
11,Мария,Стандартный клиент,48,Шымкент,132617,2025-07-13,Ювелирные изделия,92539,EUR,fx_sell,out
11,Мария,Стандартный клиент,48,Шымкент,132617,2025-07-18,Образование,49831,KZT,fx_buy,out
11,Мария,Стандартный клиент,48,Шымкент,132617,2025-07-28,Электроника,11720,KZT,card_out,out
11,Мария,Стандартный клиент,48,Шымкент,132617,2025-07-13,Играем дома,28386,KZT,fx_buy,out
11,Мария,Стандартный клиент,48,Шымкент,132617,2025-07-19,Доход,87984,KZT,salary_in,in
11,Мария,Стандартный клиент,48,Шымкент,132617,2025-07-06,Образование,35501,EUR,p2p_out,out
11,Мария,Стандартный клиент,48,Шымкент,132617,2025-07-01,Смотрим дома,31268,KZT,fx_sell,out
11,Мария,Стандартный клиент,48,Шымкент,132617,2025-07-26,Играем дома,43845,EUR,card_out,out
11,Мария,Стандартный клиент,48,Шымкент,132617,2025-07-06,Одежда,24284,KZT,p2p_out,out
11,Мария,Стандартный клиент,48,Шымкент,132617,2025-08-03,Доход,91906,USD,stipend_in,in
11,Мария,Стандартный клиент,48,Шымкент,132617,2025-07-12,Продукты,49201,USD,fx_sell,out
11,Мария,Стандартный клиент,48,Шымкент,132617,2025-07-06,Электроника,30312,KZT,atm_withdrawal,out
11,Мария,Стандартный клиент,48,Шымкент,132617,2025-07-06,Электроника,8531,KZT,fx_buy,out
11,Мария,Стандартный клиент,48,Шымкент,132617,2025-07-19,Онлайн-сервисы,46603,USD,card_out,out
11,Мария,Стандартный клиент,48,Шымкент,132617,2025-08-15,Смотрим дома,38766,KZT,fx_buy,out
11,Мария,Стандартный клиент,48,Шымкент,132617,2025-07-21,Доход,60057,EUR,refund_in,in
11,Мария,Стандартный клиент,48,Шымкент,132617,2025-06-17,Транспорт,31508,KZT,card_out,out
12,Алексей,Стандартный клиент,60,Караганда,90785,2025-08-24,Продукты,33262,EUR,p2p_out,out
12,Алексей,Стандартный клиент,60,Караганда,90785,2025-08-30,Онлайн-сервисы,2171,USD,p2p_out,out
12,Алексей,Стандартный клиент,60,Караганда,90785,2025-08-03,Доход,32669,KZT,refund_in,in
12,Алексей,Стандартный клиент,60,Караганда,90785,2025-08-08,Доход,38228,KZT,stipend_in,in
12,Алексей,Стандартный клиент,60,Караганда,90785,2025-06-19,Онлайн-сервисы,19322,KZT,card_out,out
12,Алексей,Стандартный клиент,60,Караганда,90785,2025-06-17,Доход,16588,KZT,refund_in,in
12,Алексей,Стандартный клиент,60,Караганда,90785,2025-08-12,Путешествия,196424,EUR,atm_withdrawal,out
12,Алексей,Стандартный клиент,60,Караганда,90785,2025-08-12,Одежда,8521,KZT,fx_sell,out
12,Алексей,Стандартный клиент,60,Караганда,90785,2025-07-18,Косметика и парфюмерия,22008,KZT,card_out,out
12,Алексей,Стандартный клиент,60,Караганда,90785,2025-07-06,Рестораны,20177,USD,card_out,out
12,Алексей,Стандартный клиент,60,Караганда,90785,2025-09-09,Доход,78673,KZT,refund_in,in
12,Алексей,Стандартный клиент,60,Караганда,90785,2025-08-29,Одежда,9535,EUR,fx_buy,out
12,Алексей,Стандартный клиент,60,Караганда,90785,2025-07-16,Такси,2854,KZT,p2p_out,out
12,Алексей,Стандартный клиент,60,Караганда,90785,2025-07-12,Отели,255977,KZT,fx_buy,out
12,Алексей,Стандартный клиент,60,Караганда,90785,2025-06-20,Онлайн-сервисы,31798,EUR,fx_sell,out
12,Алексей,Стандартный клиент,60,Караганда,90785,2025-08-31,Едим дома,40961,KZT,atm_withdrawal,out
12,Алексей,Стандартный клиент,60,Караганда,90785,2025-07-13,Онлайн-сервисы,43951,KZT,p2p_out,out
12,Алексей,Стандартный клиент,60,Караганда,90785,2025-08-03,Ювелирные изделия,187462,KZT,fx_buy,out
12,Алексей,Стандартный клиент,60,Караганда,90785,2025-07-26,Отели,276058,KZT,p2p_out,out
12,Алексей,Стандартный клиент,60,Караганда,90785,2025-07-02,Транспорт,22800,KZT,fx_buy,out
12,Алексей,Стандартный клиент,60,Караганда,90785,2025-06-21,Едим дома,48657,KZT,atm_withdrawal,out
12,Алексей,Стандартный клиент,60,Караганда,90785,2025-06-22,Рестораны,16116,KZT,p2p_out,out
12,Алексей,Стандартный клиент,60,Караганда,90785,2025-08-18,Онлайн-сервисы,20584,USD,card_out,out
12,Алексей,Стандартный клиент,60,Караганда,90785,2025-08-13,Играем дома,3307,EUR,fx_sell,out
12,Алексей,Стандартный клиент,60,Караганда,90785,2025-07-06,Доход,12591,KZT,cashback_in,in
12,Алексей,Стандартный клиент,60,Караганда,90785,2025-09-02,Косметика и парфюмерия,26150,USD,card_out,out
12,Алексей,Стандартный клиент,60,Караганда,90785,2025-08-24,Рестораны,5923,EUR,fx_buy,out
12,Алексей,Стандартный клиент,60,Караганда,90785,2025-07-17,Играем дома,10752,KZT,fx_sell,out
12,Алексей,Стандартный клиент,60,Караганда,90785,2025-07-08,Рестораны,28172,KZT,atm_withdrawal,out
12,Алексей,Стандартный клиент,60,Караганда,90785,2025-07-15,Едим дома,45517,KZT,fx_buy,out
12,Алексей,Стандартный клиент,60,Караганда,90785,2025-09-08,Транспорт,31090,KZT,card_out,out
12,Алексей,Стандартный клиент,60,Караганда,90785,2025-07-29,Едим дома,17087,KZT,fx_sell,out
12,Алексей,Стандартный клиент,60,Караганда,90785,2025-06-20,Доход,69165,KZT,refund_in,in
12,Алексей,Стандартный клиент,60,Караганда,90785,2025-08-24,Смотрим дома,26556,KZT,card_out,out
12,Алексей,Стандартный клиент,60,Караганда,90785,2025-07-24,Доход,23230,KZT,cashback_in,in
12,Алексей,Стандартный клиент,60,Караганда,90785,2025-07-18,Косметика и парфюмерия,7980,KZT,card_out,out
12,Алексей,Стандартный клиент,60,Караганда,90785,2025-09-03,Доход,84658,KZT,cashback_in,in
12,Алексей,Стандартный клиент,60,Караганда,90785,2025-06-22,Рестораны,9578,KZT,atm_withdrawal,out
12,Алексей,Стандартный клиент,60,Караганда,90785,2025-07-29,Едим дома,29795,KZT,fx_buy,out
12,Алексей,Стандартный клиент,60,Караганда,90785,2025-07-04,Образование,34209,KZT,p2p_out,out
12,Алексей,Стандартный клиент,60,Караганда,90785,2025-07-29,Образование,7370,KZT,fx_sell,out
12,Алексей,Стандартный клиент,60,Караганда,90785,2025-07-23,Электроника,17843,KZT,fx_buy,out
12,Алексей,Стандартный клиент,60,Караганда,90785,2025-08-06,Доход,39516,KZT,refund_in,in
12,Алексей,Стандартный клиент,60,Караганда,90785,2025-09-08,Косметика и парфюмерия,18761,EUR,p2p_out,out
12,Алексей,Стандартный клиент,60,Караганда,90785,2025-08-07,Отели,227810,EUR,p2p_out,out
12,Алексей,Стандартный клиент,60,Караганда,90785,2025-06-28,Продукты,24383,EUR,card_out,out
12,Алексей,Стандартный клиент,60,Караганда,90785,2025-08-19,Доход,28351,KZT,stipend_in,in
12,Алексей,Стандартный клиент,60,Караганда,90785,2025-06-23,Доход,31778,KZT,cashback_in,in
12,Алексей,Стандартный клиент,60,Караганда,90785,2025-08-17,Косметика и парфюмерия,12002,KZT,card_out,out
12,Алексей,Стандартный клиент,60,Караганда,90785,2025-08-26,Доход,60085,USD,stipend_in,in
12,Алексей,Стандартный клиент,60,Караганда,90785,2025-07-15,Продукты,7816,KZT,card_out,out
12,Алексей,Стандартный клиент,60,Караганда,90785,2025-06-17,Доход,21240,KZT,salary_in,in
12,Алексей,Стандартный клиент,60,Караганда,90785,2025-06-28,Путешествия,58259,KZT,p2p_out,out
12,Алексей,Стандартный клиент,60,Караганда,90785,2025-09-06,Доход,64869,KZT,salary_in,in
12,Алексей,Стандартный клиент,60,Караганда,90785,2025-07-21,Электроника,10885,KZT,card_out,out
12,Алексей,Стандартный клиент,60,Караганда,90785,2025-08-10,Электроника,2492,USD,atm_withdrawal,out
12,Алексей,Стандартный клиент,60,Караганда,90785,2025-07-07,Отели,188923,KZT,p2p_out,out
12,Алексей,Стандартный клиент,60,Караганда,90785,2025-07-03,Доход,19168,KZT,refund_in,in
12,Алексей,Стандартный клиент,60,Караганда,90785,2025-06-18,Доход,42174,KZT,refund_in,in
12,Алексей,Стандартный клиент,60,Караганда,90785,2025-07-22,Образование,46714,KZT,card_out,out
12,Алексей,Стандартный клиент,60,Караганда,90785,2025-07-24,Онлайн-сервисы,25370,EUR,fx_sell,out
12,Алексей,Стандартный клиент,60,Караганда,90785,2025-08-25,Такси,2846,KZT,fx_buy,out
12,Алексей,Стандартный клиент,60,Караганда,90785,2025-08-17,Транспорт,9770,EUR,fx_sell,out
12,Алексей,Стандартный клиент,60,Караганда,90785,2025-07-10,Играем дома,43752,EUR,card_out,out
12,Алексей,Стандартный клиент,60,Караганда,90785,2025-09-08,Доход,36512,USD,stipend_in,in
12,Алексей,Стандартный клиент,60,Караганда,90785,2025-09-02,Играем дома,20835,KZT,p2p_out,out
12,Алексей,Стандартный клиент,60,Караганда,90785,2025-07-11,Одежда,30538,EUR,card_out,out
12,Алексей,Стандартный клиент,60,Караганда,90785,2025-08-10,Путешествия,187868,USD,card_out,out
12,Алексей,Стандартный клиент,60,Караганда,90785,2025-07-27,Электроника,30075,KZT,p2p_out,out
12,Алексей,Стандартный клиент,60,Караганда,90785,2025-06-16,Отели,67087,EUR,card_out,out
12,Алексей,Стандартный клиент,60,Караганда,90785,2025-07-22,Доход,15463,USD,salary_in,in
12,Алексей,Стандартный клиент,60,Караганда,90785,2025-07-27,Онлайн-сервисы,36634,KZT,fx_sell,out
12,Алексей,Стандартный клиент,60,Караганда,90785,2025-08-06,Косметика и парфюмерия,23207,KZT,fx_sell,out
12,Алексей,Стандартный клиент,60,Караганда,90785,2025-08-26,Образование,45199,KZT,fx_sell,out
12,Алексей,Стандартный клиент,60,Караганда,90785,2025-08-26,Онлайн-сервисы,43092,KZT,fx_sell,out
12,Алексей,Стандартный клиент,60,Караганда,90785,2025-07-15,Одежда,34755,KZT,atm_withdrawal,out
13,Елена,Студент,25,Алматы,23146,2025-06-19,Образование,23190,KZT,card_out,out
13,Елена,Студент,25,Алматы,23146,2025-06-24,Путешествия,74995,KZT,card_out,out
13,Елена,Студент,25,Алматы,23146,2025-08-26,Онлайн-сервисы,30808,KZT,fx_buy,out
13,Елена,Студент,25,Алматы,23146,2025-06-30,Образование,6889,USD,card_out,out
13,Елена,Студент,25,Алматы,23146,2025-07-02,Играем дома,10101,KZT,fx_sell,out
13,Елена,Студент,25,Алматы,23146,2025-07-25,Доход,17718,KZT,salary_in,in
13,Елена,Студент,25,Алматы,23146,2025-09-11,Играем дома,12777,USD,fx_sell,out
13,Елена,Студент,25,Алматы,23146,2025-08-07,Доход,16439,KZT,stipend_in,in
13,Елена,Студент,25,Алматы,23146,2025-06-25,Транспорт,3282,KZT,p2p_out,out
13,Елена,Студент,25,Алматы,23146,2025-07-21,Смотрим дома,10428,EUR,fx_sell,out
13,Елена,Студент,25,Алматы,23146,2025-07-27,Едим дома,8461,KZT,card_out,out
13,Елена,Студент,25,Алматы,23146,2025-08-24,Рестораны,7658,USD,fx_buy,out
13,Елена,Студент,25,Алматы,23146,2025-07-03,Смотрим дома,29011,KZT,fx_buy,out
13,Елена,Студент,25,Алматы,23146,2025-08-13,Доход,13243,KZT,refund_in,in
13,Елена,Студент,25,Алматы,23146,2025-07-13,Играем дома,2141,KZT,atm_withdrawal,out
13,Елена,Студент,25,Алматы,23146,2025-08-12,Рестораны,16172,KZT,fx_buy,out
13,Елена,Студент,25,Алматы,23146,2025-08-08,Доход,12606,KZT,salary_in,in
13,Елена,Студент,25,Алматы,23146,2025-08-26,Транспорт,3011,KZT,atm_withdrawal,out
13,Елена,Студент,25,Алматы,23146,2025-08-02,Играем дома,12120,EUR,p2p_out,out
13,Елена,Студент,25,Алматы,23146,2025-07-12,Рестораны,20845,KZT,fx_buy,out
13,Елена,Студент,25,Алматы,23146,2025-08-14,Одежда,40748,EUR,atm_withdrawal,out
13,Елена,Студент,25,Алматы,23146,2025-06-18,Играем дома,25323,KZT,fx_sell,out
13,Елена,Студент,25,Алматы,23146,2025-08-18,Играем дома,26833,KZT,p2p_out,out
13,Елена,Студент,25,Алматы,23146,2025-07-26,Одежда,3169,USD,fx_sell,out
13,Елена,Студент,25,Алматы,23146,2025-08-08,Доход,21350,EUR,salary_in,in
13,Елена,Студент,25,Алматы,23146,2025-07-08,Доход,12416,USD,salary_in,in
13,Елена,Студент,25,Алматы,23146,2025-06-29,Электроника,35704,USD,fx_buy,out
13,Елена,Студент,25,Алматы,23146,2025-08-23,Отели,52352,USD,card_out,out
13,Елена,Студент,25,Алматы,23146,2025-08-11,Отели,257190,KZT,p2p_out,out
13,Елена,Студент,25,Алматы,23146,2025-09-11,Одежда,5857,KZT,p2p_out,out
13,Елена,Студент,25,Алматы,23146,2025-06-21,Транспорт,9491,KZT,fx_sell,out
13,Елена,Студент,25,Алматы,23146,2025-07-08,Транспорт,38772,KZT,fx_sell,out
13,Елена,Студент,25,Алматы,23146,2025-09-03,Одежда,20554,KZT,card_out,out
13,Елена,Студент,25,Алматы,23146,2025-06-24,Едим дома,20218,USD,atm_withdrawal,out
13,Елена,Студент,25,Алматы,23146,2025-06-21,Отели,85428,KZT,card_out,out
13,Елена,Студент,25,Алматы,23146,2025-08-26,Играем дома,25842,EUR,fx_sell,out
13,Елена,Студент,25,Алматы,23146,2025-07-31,Ювелирные изделия,74789,KZT,fx_sell,out
13,Елена,Студент,25,Алматы,23146,2025-09-09,Путешествия,116093,KZT,card_out,out
13,Елена,Студент,25,Алматы,23146,2025-09-02,Доход,20386,KZT,cashback_in,in
13,Елена,Студент,25,Алматы,23146,2025-07-28,Путешествия,153651,EUR,atm_withdrawal,out
13,Елена,Студент,25,Алматы,23146,2025-07-01,Онлайн-сервисы,13991,KZT,p2p_out,out
13,Елена,Студент,25,Алматы,23146,2025-06-25,Доход,13802,KZT,stipend_in,in
13,Елена,Студент,25,Алматы,23146,2025-07-25,Образование,42862,USD,fx_buy,out
13,Елена,Студент,25,Алматы,23146,2025-08-10,Едим дома,40852,KZT,fx_buy,out
13,Елена,Студент,25,Алматы,23146,2025-06-25,Доход,23127,KZT,refund_in,in
13,Елена,Студент,25,Алматы,23146,2025-07-13,Доход,16980,USD,cashback_in,in
13,Елена,Студент,25,Алматы,23146,2025-07-29,Образование,28103,EUR,atm_withdrawal,out
13,Елена,Студент,25,Алматы,23146,2025-06-20,Ювелирные изделия,183385,EUR,atm_withdrawal,out
13,Елена,Студент,25,Алматы,23146,2025-08-24,Рестораны,25119,KZT,card_out,out
13,Елена,Студент,25,Алматы,23146,2025-07-20,Электроника,13306,KZT,p2p_out,out
13,Елена,Студент,25,Алматы,23146,2025-09-06,Доход,21590,EUR,refund_in,in
13,Елена,Студент,25,Алматы,23146,2025-09-07,Путешествия,190836,KZT,card_out,out
13,Елена,Студент,25,Алматы,23146,2025-08-30,Онлайн-сервисы,8295,KZT,fx_sell,out
13,Елена,Студент,25,Алматы,23146,2025-09-13,Доход,13175,KZT,stipend_in,in
13,Елена,Студент,25,Алматы,23146,2025-08-11,Путешествия,69810,KZT,p2p_out,out
13,Елена,Студент,25,Алматы,23146,2025-08-31,Доход,20207,KZT,salary_in,in
13,Елена,Студент,25,Алматы,23146,2025-07-31,Доход,18549,KZT,cashback_in,in
13,Елена,Студент,25,Алматы,23146,2025-08-05,Рестораны,28931,EUR,atm_withdrawal,out
13,Елена,Студент,25,Алматы,23146,2025-07-16,Смотрим дома,11350,KZT,fx_sell,out
13,Елена,Студент,25,Алматы,23146,2025-08-11,Онлайн-сервисы,37469,USD,p2p_out,out
13,Елена,Студент,25,Алматы,23146,2025-07-23,Доход,15789,USD,salary_in,in
13,Елена,Студент,25,Алматы,23146,2025-09-01,Отели,270472,KZT,p2p_out,out
13,Елена,Студент,25,Алматы,23146,2025-06-20,Косметика и парфюмерия,16369,KZT,atm_withdrawal,out
13,Елена,Студент,25,Алматы,23146,2025-07-04,Путешествия,261981,KZT,atm_withdrawal,out
13,Елена,Студент,25,Алматы,23146,2025-08-17,Отели,280604,KZT,fx_buy,out
14,Дмитрий,Премиальный клиент,25,Астана,836907,2025-06-28,Доход,710769,KZT,refund_in,in
14,Дмитрий,Премиальный клиент,25,Астана,836907,2025-06-30,Едим дома,24545,USD,card_out,out
14,Дмитрий,Премиальный клиент,25,Астана,836907,2025-08-19,Ювелирные изделия,57990,KZT,card_out,out
14,Дмитрий,Премиальный клиент,25,Астана,836907,2025-09-06,Отели,105103,USD,fx_buy,out
14,Дмитрий,Премиальный клиент,25,Астана,836907,2025-08-17,Продукты,33402,KZT,p2p_out,out
14,Дмитрий,Премиальный клиент,25,Астана,836907,2025-08-18,Доход,500083,KZT,refund_in,in
14,Дмитрий,Премиальный клиент,25,Астана,836907,2025-08-30,Доход,143296,EUR,cashback_in,in
14,Дмитрий,Премиальный клиент,25,Астана,836907,2025-07-20,Доход,250016,KZT,salary_in,in
14,Дмитрий,Премиальный клиент,25,Астана,836907,2025-06-19,Продукты,27586,KZT,fx_buy,out
14,Дмитрий,Премиальный клиент,25,Астана,836907,2025-07-21,Косметика и парфюмерия,13180,KZT,fx_sell,out
14,Дмитрий,Премиальный клиент,25,Астана,836907,2025-09-01,Онлайн-сервисы,34290,KZT,fx_buy,out
14,Дмитрий,Премиальный клиент,25,Астана,836907,2025-07-08,Электроника,13820,KZT,card_out,out
14,Дмитрий,Премиальный клиент,25,Астана,836907,2025-06-23,Отели,95968,USD,atm_withdrawal,out
14,Дмитрий,Премиальный клиент,25,Астана,836907,2025-07-28,Едим дома,2519,KZT,p2p_out,out
14,Дмитрий,Премиальный клиент,25,Астана,836907,2025-06-28,Едим дома,39342,KZT,fx_buy,out
14,Дмитрий,Премиальный клиент,25,Астана,836907,2025-09-01,Одежда,27654,KZT,fx_buy,out
14,Дмитрий,Премиальный клиент,25,Астана,836907,2025-08-29,Ювелирные изделия,148581,EUR,p2p_out,out
14,Дмитрий,Премиальный клиент,25,Астана,836907,2025-06-19,Рестораны,23135,KZT,card_out,out
14,Дмитрий,Премиальный клиент,25,Астана,836907,2025-08-27,Ювелирные изделия,88283,USD,fx_buy,out
14,Дмитрий,Премиальный клиент,25,Астана,836907,2025-08-17,Ювелирные изделия,104083,USD,card_out,out
14,Дмитрий,Премиальный клиент,25,Астана,836907,2025-09-01,Ювелирные изделия,92507,USD,atm_withdrawal,out
14,Дмитрий,Премиальный клиент,25,Астана,836907,2025-07-02,Отели,224037,KZT,atm_withdrawal,out
14,Дмитрий,Премиальный клиент,25,Астана,836907,2025-08-31,Едим дома,35926,EUR,p2p_out,out
14,Дмитрий,Премиальный клиент,25,Астана,836907,2025-08-28,Доход,689447,USD,refund_in,in
14,Дмитрий,Премиальный клиент,25,Астана,836907,2025-08-02,Доход,811625,EUR,stipend_in,in
14,Дмитрий,Премиальный клиент,25,Астана,836907,2025-07-11,Транспорт,44111,KZT,card_out,out
14,Дмитрий,Премиальный клиент,25,Астана,836907,2025-07-18,Доход,447940,KZT,stipend_in,in
14,Дмитрий,Премиальный клиент,25,Астана,836907,2025-07-17,Едим дома,31116,EUR,atm_withdrawal,out
14,Дмитрий,Премиальный клиент,25,Астана,836907,2025-09-07,Отели,90992,KZT,card_out,out
14,Дмитрий,Премиальный клиент,25,Астана,836907,2025-09-07,Электроника,47607,KZT,fx_buy,out
14,Дмитрий,Премиальный клиент,25,Астана,836907,2025-06-29,Доход,194626,KZT,cashback_in,in
14,Дмитрий,Премиальный клиент,25,Астана,836907,2025-08-13,Доход,824038,KZT,salary_in,in
14,Дмитрий,Премиальный клиент,25,Астана,836907,2025-07-04,Играем дома,46671,KZT,fx_buy,out
14,Дмитрий,Премиальный клиент,25,Астана,836907,2025-08-16,Рестораны,24660,KZT,atm_withdrawal,out
14,Дмитрий,Премиальный клиент,25,Астана,836907,2025-06-19,Путешествия,202679,KZT,atm_withdrawal,out
14,Дмитрий,Премиальный клиент,25,Астана,836907,2025-09-09,Путешествия,111215,KZT,atm_withdrawal,out
14,Дмитрий,Премиальный клиент,25,Астана,836907,2025-08-23,Играем дома,8659,KZT,atm_withdrawal,out
14,Дмитрий,Премиальный клиент,25,Астана,836907,2025-07-19,Смотрим дома,24852,KZT,p2p_out,out
14,Дмитрий,Премиальный клиент,25,Астана,836907,2025-09-03,Доход,744275,KZT,refund_in,in
14,Дмитрий,Премиальный клиент,25,Астана,836907,2025-07-01,Продукты,33983,EUR,fx_buy,out
14,Дмитрий,Премиальный клиент,25,Астана,836907,2025-07-16,Образование,37081,KZT,card_out,out
14,Дмитрий,Премиальный клиент,25,Астана,836907,2025-09-09,Едим дома,36063,EUR,p2p_out,out
14,Дмитрий,Премиальный клиент,25,Астана,836907,2025-08-12,Доход,447985,USD,cashback_in,in
14,Дмитрий,Премиальный клиент,25,Астана,836907,2025-08-24,Доход,205877,EUR,stipend_in,in
14,Дмитрий,Премиальный клиент,25,Астана,836907,2025-06-20,Электроника,44309,USD,atm_withdrawal,out
14,Дмитрий,Премиальный клиент,25,Астана,836907,2025-09-11,Одежда,1492,KZT,fx_buy,out
14,Дмитрий,Премиальный клиент,25,Астана,836907,2025-08-12,Играем дома,48153,KZT,fx_sell,out
14,Дмитрий,Премиальный клиент,25,Астана,836907,2025-08-17,Едим дома,26851,KZT,fx_buy,out
14,Дмитрий,Премиальный клиент,25,Астана,836907,2025-06-16,Транспорт,42316,KZT,p2p_out,out
14,Дмитрий,Премиальный клиент,25,Астана,836907,2025-08-27,Косметика и парфюмерия,31873,EUR,atm_withdrawal,out
15,Анна,Стандартный клиент,61,Шымкент,75372,2025-08-28,Доход,12895,KZT,salary_in,in
15,Анна,Стандартный клиент,61,Шымкент,75372,2025-08-11,Одежда,9199,EUR,atm_withdrawal,out
15,Анна,Стандартный клиент,61,Шымкент,75372,2025-07-11,Продукты,37435,KZT,p2p_out,out
15,Анна,Стандартный клиент,61,Шымкент,75372,2025-06-20,Доход,22424,USD,refund_in,in
15,Анна,Стандартный клиент,61,Шымкент,75372,2025-07-02,Транспорт,37777,KZT,fx_buy,out
15,Анна,Стандартный клиент,61,Шымкент,75372,2025-06-21,Транспорт,21022,KZT,atm_withdrawal,out
15,Анна,Стандартный клиент,61,Шымкент,75372,2025-08-23,Едим дома,41386,KZT,fx_sell,out
15,Анна,Стандартный клиент,61,Шымкент,75372,2025-09-01,Путешествия,90695,KZT,card_out,out
15,Анна,Стандартный клиент,61,Шымкент,75372,2025-08-11,Доход,51560,USD,refund_in,in
15,Анна,Стандартный клиент,61,Шымкент,75372,2025-07-05,Путешествия,280004,EUR,fx_buy,out
15,Анна,Стандартный клиент,61,Шымкент,75372,2025-08-10,Косметика и парфюмерия,21313,EUR,p2p_out,out
15,Анна,Стандартный клиент,61,Шымкент,75372,2025-08-28,Путешествия,256803,USD,fx_sell,out
15,Анна,Стандартный клиент,61,Шымкент,75372,2025-06-24,Рестораны,20417,KZT,card_out,out
15,Анна,Стандартный клиент,61,Шымкент,75372,2025-08-25,Смотрим дома,10256,KZT,p2p_out,out
15,Анна,Стандартный клиент,61,Шымкент,75372,2025-09-09,Продукты,35540,KZT,atm_withdrawal,out
15,Анна,Стандартный клиент,61,Шымкент,75372,2025-07-08,Играем дома,23626,KZT,p2p_out,out
15,Анна,Стандартный клиент,61,Шымкент,75372,2025-08-19,Доход,43467,KZT,salary_in,in
15,Анна,Стандартный клиент,61,Шымкент,75372,2025-08-05,Электроника,44798,KZT,fx_buy,out
15,Анна,Стандартный клиент,61,Шымкент,75372,2025-06-22,Путешествия,70700,KZT,fx_sell,out
15,Анна,Стандартный клиент,61,Шымкент,75372,2025-08-26,Электроника,45525,KZT,fx_buy,out
15,Анна,Стандартный клиент,61,Шымкент,75372,2025-07-08,Такси,4607,KZT,fx_sell,out
15,Анна,Стандартный клиент,61,Шымкент,75372,2025-09-10,Едим дома,7614,USD,card_out,out
15,Анна,Стандартный клиент,61,Шымкент,75372,2025-08-22,Доход,67597,USD,cashback_in,in
15,Анна,Стандартный клиент,61,Шымкент,75372,2025-07-14,Одежда,26275,EUR,card_out,out
15,Анна,Стандартный клиент,61,Шымкент,75372,2025-07-06,Смотрим дома,12580,KZT,fx_sell,out
15,Анна,Стандартный клиент,61,Шымкент,75372,2025-09-11,Доход,32318,KZT,stipend_in,in
15,Анна,Стандартный клиент,61,Шымкент,75372,2025-06-30,Образование,20624,USD,fx_buy,out
15,Анна,Стандартный клиент,61,Шымкент,75372,2025-09-01,Рестораны,28064,KZT,fx_sell,out
15,Анна,Стандартный клиент,61,Шымкент,75372,2025-07-25,Электроника,8214,EUR,p2p_out,out
15,Анна,Стандартный клиент,61,Шымкент,75372,2025-08-06,Ювелирные изделия,32708,KZT,fx_sell,out
15,Анна,Стандартный клиент,61,Шымкент,75372,2025-08-29,Образование,4273,KZT,atm_withdrawal,out
15,Анна,Стандартный клиент,61,Шымкент,75372,2025-08-11,Едим дома,4551,KZT,card_out,out
15,Анна,Стандартный клиент,61,Шымкент,75372,2025-06-20,Путешествия,128958,KZT,fx_buy,out
15,Анна,Стандартный клиент,61,Шымкент,75372,2025-08-24,Продукты,39078,KZT,card_out,out
15,Анна,Стандартный клиент,61,Шымкент,75372,2025-07-25,Едим дома,21583,KZT,atm_withdrawal,out
15,Анна,Стандартный клиент,61,Шымкент,75372,2025-07-06,Доход,23689,USD,cashback_in,in
15,Анна,Стандартный клиент,61,Шымкент,75372,2025-07-19,Играем дома,19908,KZT,card_out,out
15,Анна,Стандартный клиент,61,Шымкент,75372,2025-09-01,Путешествия,216132,KZT,fx_buy,out
15,Анна,Стандартный клиент,61,Шымкент,75372,2025-06-25,Транспорт,35998,KZT,fx_sell,out
15,Анна,Стандартный клиент,61,Шымкент,75372,2025-06-25,Образование,34919,KZT,fx_buy,out
15,Анна,Стандартный клиент,61,Шымкент,75372,2025-08-27,Играем дома,37258,EUR,fx_buy,out
15,Анна,Стандартный клиент,61,Шымкент,75372,2025-07-18,Рестораны,18046,KZT,fx_sell,out
15,Анна,Стандартный клиент,61,Шымкент,75372,2025-06-18,Такси,1992,KZT,card_out,out
15,Анна,Стандартный клиент,61,Шымкент,75372,2025-08-05,Продукты,40194,EUR,fx_sell,out
15,Анна,Стандартный клиент,61,Шымкент,75372,2025-09-01,Доход,23794,KZT,stipend_in,in
15,Анна,Стандартный клиент,61,Шымкент,75372,2025-06-30,Играем дома,4731,KZT,atm_withdrawal,out
15,Анна,Стандартный клиент,61,Шымкент,75372,2025-08-01,Онлайн-сервисы,21792,USD,p2p_out,out
15,Анна,Стандартный клиент,61,Шымкент,75372,2025-07-04,Онлайн-сервисы,12889,KZT,p2p_out,out
15,Анна,Стандартный клиент,61,Шымкент,75372,2025-07-25,Онлайн-сервисы,41928,KZT,fx_buy,out
15,Анна,Стандартный клиент,61,Шымкент,75372,2025-09-02,Играем дома,33026,KZT,fx_sell,out
15,Анна,Стандартный клиент,61,Шымкент,75372,2025-08-28,Доход,20808,KZT,salary_in,in
15,Анна,Стандартный клиент,61,Шымкент,75372,2025-06-28,Онлайн-сервисы,20488,EUR,p2p_out,out
15,Анна,Стандартный клиент,61,Шымкент,75372,2025-07-26,Такси,9058,KZT,fx_sell,out
15,Анна,Стандартный клиент,61,Шымкент,75372,2025-07-29,Продукты,47163,EUR,fx_sell,out
15,Анна,Стандартный клиент,61,Шымкент,75372,2025-09-07,Электроника,25703,EUR,p2p_out,out
15,Анна,Стандартный клиент,61,Шымкент,75372,2025-08-25,Рестораны,25840,KZT,atm_withdrawal,out
15,Анна,Стандартный клиент,61,Шымкент,75372,2025-09-06,Одежда,11561,EUR,atm_withdrawal,out
15,Анна,Стандартный клиент,61,Шымкент,75372,2025-07-18,Электроника,2988,KZT,card_out,out
15,Анна,Стандартный клиент,61,Шымкент,75372,2025-06-16,Продукты,23192,KZT,p2p_out,out
15,Анна,Стандартный клиент,61,Шымкент,75372,2025-07-05,Смотрим дома,33088,KZT,atm_withdrawal,out
15,Анна,Стандартный клиент,61,Шымкент,75372,2025-06-26,Онлайн-сервисы,23693,EUR,atm_withdrawal,out
15,Анна,Стандартный клиент,61,Шымкент,75372,2025-08-19,Косметика и парфюмерия,30340,EUR,p2p_out,out
15,Анна,Стандартный клиент,61,Шымкент,75372,2025-08-25,Ювелирные изделия,91842,KZT,fx_buy,out
15,Анна,Стандартный клиент,61,Шымкент,75372,2025-07-10,Рестораны,6742,KZT,p2p_out,out
15,Анна,Стандартный клиент,61,Шымкент,75372,2025-09-04,Ювелирные изделия,198035,KZT,card_out,out
15,Анна,Стандартный клиент,61,Шымкент,75372,2025-09-12,Доход,12642,KZT,salary_in,in
15,Анна,Стандартный клиент,61,Шымкент,75372,2025-06-17,Образование,38525,KZT,p2p_out,out
15,Анна,Стандартный клиент,61,Шымкент,75372,2025-07-28,Онлайн-сервисы,19845,KZT,fx_buy,out
15,Анна,Стандартный клиент,61,Шымкент,75372,2025-08-17,Одежда,14318,KZT,fx_buy,out
15,Анна,Стандартный клиент,61,Шымкент,75372,2025-09-05,Продукты,12683,KZT,atm_withdrawal,out
15,Анна,Стандартный клиент,61,Шымкент,75372,2025-07-30,Ювелирные изделия,112289,KZT,card_out,out
15,Анна,Стандартный клиент,61,Шымкент,75372,2025-07-22,Путешествия,100516,KZT,p2p_out,out
15,Анна,Стандартный клиент,61,Шымкент,75372,2025-08-17,Доход,13676,KZT,refund_in,in
15,Анна,Стандартный клиент,61,Шымкент,75372,2025-07-03,Такси,5138,KZT,fx_buy,out
15,Анна,Стандартный клиент,61,Шымкент,75372,2025-08-04,Путешествия,143863,KZT,fx_sell,out
15,Анна,Стандартный клиент,61,Шымкент,75372,2025-08-22,Путешествия,269128,EUR,card_out,out
15,Анна,Стандартный клиент,61,Шымкент,75372,2025-07-07,Рестораны,13252,KZT,p2p_out,out
15,Анна,Стандартный клиент,61,Шымкент,75372,2025-07-09,Продукты,2551,KZT,p2p_out,out
16,Сергей,Зарплатный клиент,27,Астана,307221,2025-08-09,Доход,123143,EUR,salary_in,in
16,Сергей,Зарплатный клиент,27,Астана,307221,2025-09-11,Продукты,45781,KZT,p2p_out,out
16,Сергей,Зарплатный клиент,27,Астана,307221,2025-06-25,Доход,165242,KZT,stipend_in,in
16,Сергей,Зарплатный клиент,27,Астана,307221,2025-08-06,Транспорт,27293,USD,card_out,out
16,Сергей,Зарплатный клиент,27,Астана,307221,2025-09-05,Играем дома,36585,USD,fx_sell,out
16,Сергей,Зарплатный клиент,27,Астана,307221,2025-07-18,Транспорт,44427,KZT,atm_withdrawal,out
16,Сергей,Зарплатный клиент,27,Астана,307221,2025-08-08,Рестораны,21446,EUR,atm_withdrawal,out
16,Сергей,Зарплатный клиент,27,Астана,307221,2025-09-03,Одежда,32957,USD,fx_buy,out
16,Сергей,Зарплатный клиент,27,Астана,307221,2025-07-22,Транспорт,26398,KZT,card_out,out
16,Сергей,Зарплатный клиент,27,Астана,307221,2025-06-28,Едим дома,2637,EUR,card_out,out
16,Сергей,Зарплатный клиент,27,Астана,307221,2025-06-21,Отели,216601,KZT,card_out,out
16,Сергей,Зарплатный клиент,27,Астана,307221,2025-08-24,Такси,1802,KZT,fx_sell,out
16,Сергей,Зарплатный клиент,27,Астана,307221,2025-07-07,Транспорт,36098,KZT,fx_buy,out
16,Сергей,Зарплатный клиент,27,Астана,307221,2025-08-22,Одежда,15387,KZT,atm_withdrawal,out
16,Сергей,Зарплатный клиент,27,Астана,307221,2025-07-21,Косметика и парфюмерия,27147,EUR,fx_sell,out
16,Сергей,Зарплатный клиент,27,Астана,307221,2025-07-27,Косметика и парфюмерия,24408,USD,card_out,out
16,Сергей,Зарплатный клиент,27,Астана,307221,2025-07-15,Такси,3594,EUR,fx_sell,out
16,Сергей,Зарплатный клиент,27,Астана,307221,2025-08-04,Доход,86240,KZT,stipend_in,in
16,Сергей,Зарплатный клиент,27,Астана,307221,2025-06-19,Электроника,28518,EUR,card_out,out
16,Сергей,Зарплатный клиент,27,Астана,307221,2025-07-03,Отели,73199,EUR,fx_sell,out
16,Сергей,Зарплатный клиент,27,Астана,307221,2025-08-22,Косметика и парфюмерия,21929,USD,fx_sell,out
16,Сергей,Зарплатный клиент,27,Астана,307221,2025-09-08,Электроника,42680,EUR,card_out,out
16,Сергей,Зарплатный клиент,27,Астана,307221,2025-08-13,Доход,162185,KZT,stipend_in,in
16,Сергей,Зарплатный клиент,27,Астана,307221,2025-08-09,Смотрим дома,27829,EUR,fx_buy,out
16,Сергей,Зарплатный клиент,27,Астана,307221,2025-08-26,Электроника,44370,USD,fx_buy,out
16,Сергей,Зарплатный клиент,27,Астана,307221,2025-09-05,Электроника,36010,KZT,card_out,out
16,Сергей,Зарплатный клиент,27,Астана,307221,2025-08-05,Продукты,26521,KZT,fx_sell,out
16,Сергей,Зарплатный клиент,27,Астана,307221,2025-09-01,Доход,210796,USD,stipend_in,in
16,Сергей,Зарплатный клиент,27,Астана,307221,2025-07-28,Одежда,38158,KZT,fx_sell,out
16,Сергей,Зарплатный клиент,27,Астана,307221,2025-08-28,Отели,242816,KZT,atm_withdrawal,out
16,Сергей,Зарплатный клиент,27,Астана,307221,2025-09-07,Косметика и парфюмерия,1192,KZT,fx_sell,out
16,Сергей,Зарплатный клиент,27,Астана,307221,2025-07-14,Едим дома,33130,USD,p2p_out,out
16,Сергей,Зарплатный клиент,27,Астана,307221,2025-08-13,Едим дома,43056,KZT,fx_buy,out
16,Сергей,Зарплатный клиент,27,Астана,307221,2025-06-20,Доход,298107,KZT,cashback_in,in
16,Сергей,Зарплатный клиент,27,Астана,307221,2025-07-05,Такси,6057,KZT,p2p_out,out
16,Сергей,Зарплатный клиент,27,Астана,307221,2025-07-31,Играем дома,44949,EUR,fx_sell,out
16,Сергей,Зарплатный клиент,27,Астана,307221,2025-07-19,Доход,143653,EUR,cashback_in,in
16,Сергей,Зарплатный клиент,27,Астана,307221,2025-06-30,Онлайн-сервисы,26307,KZT,fx_buy,out
17,Ольга,Студент,62,Астана,16476,2025-06-27,Одежда,27345,USD,p2p_out,out
17,Ольга,Студент,62,Астана,16476,2025-07-09,Ювелирные изделия,159974,EUR,p2p_out,out
17,Ольга,Студент,62,Астана,16476,2025-09-10,Путешествия,274377,KZT,p2p_out,out
17,Ольга,Студент,62,Астана,16476,2025-08-15,Электроника,49008,KZT,card_out,out
17,Ольга,Студент,62,Астана,16476,2025-08-14,Доход,13575,KZT,salary_in,in
17,Ольга,Студент,62,Астана,16476,2025-08-09,Смотрим дома,35660,USD,atm_withdrawal,out
17,Ольга,Студент,62,Астана,16476,2025-07-14,Доход,13571,KZT,stipend_in,in
17,Ольга,Студент,62,Астана,16476,2025-06-23,Одежда,22062,KZT,p2p_out,out
17,Ольга,Студент,62,Астана,16476,2025-09-05,Ювелирные изделия,138944,KZT,fx_sell,out
17,Ольга,Студент,62,Астана,16476,2025-08-24,Путешествия,94516,USD,atm_withdrawal,out
17,Ольга,Студент,62,Астана,16476,2025-06-20,Транспорт,37284,USD,atm_withdrawal,out
17,Ольга,Студент,62,Астана,16476,2025-09-03,Онлайн-сервисы,39712,USD,p2p_out,out
17,Ольга,Студент,62,Астана,16476,2025-07-17,Доход,10649,KZT,stipend_in,in
17,Ольга,Студент,62,Астана,16476,2025-09-03,Продукты,19945,KZT,atm_withdrawal,out
17,Ольга,Студент,62,Астана,16476,2025-09-02,Косметика и парфюмерия,8485,KZT,atm_withdrawal,out
17,Ольга,Студент,62,Астана,16476,2025-07-14,Образование,13226,EUR,p2p_out,out
17,Ольга,Студент,62,Астана,16476,2025-07-15,Одежда,45948,KZT,fx_buy,out
17,Ольга,Студент,62,Астана,16476,2025-09-01,Косметика и парфюмерия,49564,KZT,atm_withdrawal,out
17,Ольга,Студент,62,Астана,16476,2025-08-22,Доход,11363,KZT,refund_in,in
17,Ольга,Студент,62,Астана,16476,2025-06-22,Транспорт,4748,EUR,card_out,out
17,Ольга,Студент,62,Астана,16476,2025-07-06,Такси,3875,EUR,fx_sell,out
17,Ольга,Студент,62,Астана,16476,2025-07-26,Едим дома,45535,USD,p2p_out,out
17,Ольга,Студент,62,Астана,16476,2025-07-05,Доход,16033,KZT,stipend_in,in
17,Ольга,Студент,62,Астана,16476,2025-09-06,Ювелирные изделия,199509,KZT,fx_sell,out
17,Ольга,Студент,62,Астана,16476,2025-08-25,Доход,11114,USD,salary_in,in
17,Ольга,Студент,62,Астана,16476,2025-07-02,Играем дома,46406,USD,p2p_out,out
17,Ольга,Студент,62,Астана,16476,2025-09-01,Путешествия,111114,USD,p2p_out,out
17,Ольга,Студент,62,Астана,16476,2025-07-22,Образование,7644,KZT,fx_buy,out
17,Ольга,Студент,62,Астана,16476,2025-06-20,Электроника,18375,KZT,atm_withdrawal,out
17,Ольга,Студент,62,Астана,16476,2025-08-13,Играем дома,45386,KZT,atm_withdrawal,out
17,Ольга,Студент,62,Астана,16476,2025-06-26,Одежда,11776,KZT,atm_withdrawal,out
17,Ольга,Студент,62,Астана,16476,2025-07-15,Такси,4521,KZT,p2p_out,out
17,Ольга,Студент,62,Астана,16476,2025-07-15,Путешествия,61094,KZT,p2p_out,out
17,Ольга,Студент,62,Астана,16476,2025-07-21,Образование,5996,KZT,p2p_out,out
17,Ольга,Студент,62,Астана,16476,2025-08-24,Доход,15877,KZT,refund_in,in
17,Ольга,Студент,62,Астана,16476,2025-08-03,Едим дома,29554,USD,p2p_out,out
17,Ольга,Студент,62,Астана,16476,2025-08-27,Ювелирные изделия,102567,KZT,atm_withdrawal,out
17,Ольга,Студент,62,Астана,16476,2025-08-24,Косметика и парфюмерия,1570,KZT,card_out,out
17,Ольга,Студент,62,Астана,16476,2025-07-22,Такси,7982,KZT,card_out,out
17,Ольга,Студент,62,Астана,16476,2025-07-11,Транспорт,24470,KZT,atm_withdrawal,out
17,Ольга,Студент,62,Астана,16476,2025-07-30,Путешествия,264127,KZT,atm_withdrawal,out
17,Ольга,Студент,62,Астана,16476,2025-07-17,Транспорт,48269,KZT,fx_buy,out
17,Ольга,Студент,62,Астана,16476,2025-08-17,Электроника,20404,KZT,fx_sell,out
17,Ольга,Студент,62,Астана,16476,2025-08-08,Доход,13875,EUR,stipend_in,in
17,Ольга,Студент,62,Астана,16476,2025-08-19,Транспорт,12413,KZT,p2p_out,out
17,Ольга,Студент,62,Астана,16476,2025-09-06,Смотрим дома,22119,KZT,card_out,out
17,Ольга,Студент,62,Астана,16476,2025-07-21,Доход,15866,USD,stipend_in,in
17,Ольга,Студент,62,Астана,16476,2025-07-17,Доход,12202,USD,refund_in,in
17,Ольга,Студент,62,Астана,16476,2025-06-19,Образование,29850,KZT,card_out,out
17,Ольга,Студент,62,Астана,16476,2025-08-08,Доход,13294,KZT,cashback_in,in
17,Ольга,Студент,62,Астана,16476,2025-09-06,Доход,13805,EUR,salary_in,in
17,Ольга,Студент,62,Астана,16476,2025-08-25,Отели,128768,KZT,fx_buy,out
17,Ольга,Студент,62,Астана,16476,2025-07-12,Доход,16034,EUR,salary_in,in
17,Ольга,Студент,62,Астана,16476,2025-09-03,Косметика и парфюмерия,47881,KZT,fx_buy,out
17,Ольга,Студент,62,Астана,16476,2025-08-25,Онлайн-сервисы,32647,KZT,atm_withdrawal,out
17,Ольга,Студент,62,Астана,16476,2025-08-30,Такси,9775,KZT,fx_sell,out
17,Ольга,Студент,62,Астана,16476,2025-07-20,Играем дома,34629,KZT,fx_sell,out
17,Ольга,Студент,62,Астана,16476,2025-09-04,Продукты,18420,KZT,fx_buy,out
17,Ольга,Студент,62,Астана,16476,2025-08-19,Доход,15457,EUR,cashback_in,in
17,Ольга,Студент,62,Астана,16476,2025-06-18,Косметика и парфюмерия,24926,KZT,atm_withdrawal,out
17,Ольга,Студент,62,Астана,16476,2025-07-30,Доход,16335,EUR,salary_in,in
17,Ольга,Студент,62,Астана,16476,2025-09-04,Электроника,20567,KZT,p2p_out,out
17,Ольга,Студент,62,Астана,16476,2025-07-14,Доход,13318,KZT,salary_in,in
17,Ольга,Студент,62,Астана,16476,2025-07-19,Отели,296536,EUR,atm_withdrawal,out
18,Андрей,Студент,42,Астана,38018,2025-08-05,Смотрим дома,44856,KZT,fx_sell,out
18,Андрей,Студент,42,Астана,38018,2025-08-05,Играем дома,15031,KZT,fx_sell,out
18,Андрей,Студент,42,Астана,38018,2025-07-13,Ювелирные изделия,36587,KZT,p2p_out,out
18,Андрей,Студент,42,Астана,38018,2025-07-28,Косметика и парфюмерия,33954,KZT,fx_buy,out
18,Андрей,Студент,42,Астана,38018,2025-07-14,Доход,35424,KZT,salary_in,in
18,Андрей,Студент,42,Астана,38018,2025-09-08,Едим дома,2881,EUR,fx_buy,out
18,Андрей,Студент,42,Астана,38018,2025-07-22,Косметика и парфюмерия,44852,KZT,card_out,out
18,Андрей,Студент,42,Астана,38018,2025-07-13,Транспорт,10949,KZT,fx_sell,out
18,Андрей,Студент,42,Астана,38018,2025-08-17,Ювелирные изделия,38597,USD,atm_withdrawal,out
18,Андрей,Студент,42,Астана,38018,2025-08-07,Доход,24520,EUR,refund_in,in
18,Андрей,Студент,42,Астана,38018,2025-06-28,Смотрим дома,15079,KZT,p2p_out,out
18,Андрей,Студент,42,Астана,38018,2025-06-30,Образование,13100,EUR,fx_sell,out
18,Андрей,Студент,42,Астана,38018,2025-07-24,Едим дома,12001,KZT,fx_sell,out
18,Андрей,Студент,42,Астана,38018,2025-08-23,Одежда,33369,KZT,atm_withdrawal,out
18,Андрей,Студент,42,Астана,38018,2025-08-25,Продукты,46536,KZT,fx_buy,out
18,Андрей,Студент,42,Астана,38018,2025-08-30,Онлайн-сервисы,39215,KZT,atm_withdrawal,out
18,Андрей,Студент,42,Астана,38018,2025-08-22,Онлайн-сервисы,12737,KZT,p2p_out,out
18,Андрей,Студент,42,Астана,38018,2025-09-01,Продукты,6592,USD,fx_buy,out
18,Андрей,Студент,42,Астана,38018,2025-08-29,Ювелирные изделия,79649,USD,atm_withdrawal,out
18,Андрей,Студент,42,Астана,38018,2025-06-24,Отели,231871,KZT,fx_sell,out
18,Андрей,Студент,42,Астана,38018,2025-08-05,Образование,32923,KZT,card_out,out
18,Андрей,Студент,42,Астана,38018,2025-07-23,Путешествия,117384,KZT,card_out,out
18,Андрей,Студент,42,Астана,38018,2025-09-05,Доход,19259,KZT,salary_in,in
18,Андрей,Студент,42,Астана,38018,2025-07-01,Едим дома,18888,USD,fx_buy,out
18,Андрей,Студент,42,Астана,38018,2025-06-28,Доход,34647,KZT,refund_in,in
18,Андрей,Студент,42,Астана,38018,2025-07-14,Играем дома,17061,KZT,atm_withdrawal,out
18,Андрей,Студент,42,Астана,38018,2025-09-03,Образование,44423,KZT,card_out,out
18,Андрей,Студент,42,Астана,38018,2025-06-21,Косметика и парфюмерия,46669,USD,atm_withdrawal,out
18,Андрей,Студент,42,Астана,38018,2025-07-12,Онлайн-сервисы,43928,KZT,card_out,out
18,Андрей,Студент,42,Астана,38018,2025-09-03,Отели,108817,KZT,p2p_out,out
18,Андрей,Студент,42,Астана,38018,2025-08-17,Ювелирные изделия,31051,KZT,p2p_out,out
18,Андрей,Студент,42,Астана,38018,2025-08-07,Доход,33795,KZT,cashback_in,in
18,Андрей,Студент,42,Астана,38018,2025-06-20,Играем дома,30964,KZT,fx_buy,out
18,Андрей,Студент,42,Астана,38018,2025-07-18,Едим дома,39134,KZT,fx_buy,out
18,Андрей,Студент,42,Астана,38018,2025-06-23,Такси,5891,KZT,p2p_out,out
18,Андрей,Студент,42,Астана,38018,2025-08-03,Онлайн-сервисы,14255,KZT,card_out,out
18,Андрей,Студент,42,Астана,38018,2025-09-10,Играем дома,44919,KZT,card_out,out
18,Андрей,Студент,42,Астана,38018,2025-08-14,Электроника,41446,KZT,fx_sell,out
18,Андрей,Студент,42,Астана,38018,2025-07-09,Электроника,10497,KZT,atm_withdrawal,out
18,Андрей,Студент,42,Астана,38018,2025-07-12,Такси,5247,USD,p2p_out,out
18,Андрей,Студент,42,Астана,38018,2025-07-09,Продукты,13392,USD,p2p_out,out
18,Андрей,Студент,42,Астана,38018,2025-08-01,Рестораны,11995,KZT,atm_withdrawal,out
18,Андрей,Студент,42,Астана,38018,2025-06-19,Косметика и парфюмерия,43229,KZT,card_out,out
18,Андрей,Студент,42,Астана,38018,2025-07-10,Смотрим дома,47040,KZT,fx_sell,out
18,Андрей,Студент,42,Астана,38018,2025-07-27,Доход,16589,USD,salary_in,in
18,Андрей,Студент,42,Астана,38018,2025-08-07,Смотрим дома,20309,KZT,atm_withdrawal,out
18,Андрей,Студент,42,Астана,38018,2025-06-27,Отели,241353,USD,card_out,out
18,Андрей,Студент,42,Астана,38018,2025-07-06,Доход,33915,KZT,refund_in,in
18,Андрей,Студент,42,Астана,38018,2025-08-27,Такси,8409,KZT,p2p_out,out
18,Андрей,Студент,42,Астана,38018,2025-06-17,Доход,33030,KZT,refund_in,in
18,Андрей,Студент,42,Астана,38018,2025-07-15,Смотрим дома,35484,USD,fx_sell,out
18,Андрей,Студент,42,Астана,38018,2025-07-20,Ювелирные изделия,106996,KZT,fx_sell,out
18,Андрей,Студент,42,Астана,38018,2025-07-17,Продукты,3866,EUR,fx_buy,out
18,Андрей,Студент,42,Астана,38018,2025-09-03,Транспорт,11956,KZT,atm_withdrawal,out
18,Андрей,Студент,42,Астана,38018,2025-07-04,Одежда,42691,KZT,fx_sell,out
18,Андрей,Студент,42,Астана,38018,2025-07-03,Смотрим дома,19103,KZT,fx_sell,out
18,Андрей,Студент,42,Астана,38018,2025-08-14,Транспорт,22031,USD,card_out,out
18,Андрей,Студент,42,Астана,38018,2025-09-13,Образование,7837,KZT,atm_withdrawal,out
18,Андрей,Студент,42,Астана,38018,2025-08-24,Ювелирные изделия,77111,EUR,p2p_out,out
18,Андрей,Студент,42,Астана,38018,2025-07-29,Ювелирные изделия,158652,KZT,atm_withdrawal,out
18,Андрей,Студент,42,Астана,38018,2025-08-07,Электроника,7509,EUR,fx_sell,out
18,Андрей,Студент,42,Астана,38018,2025-07-04,Доход,29964,KZT,stipend_in,in
18,Андрей,Студент,42,Астана,38018,2025-09-01,Отели,190347,EUR,p2p_out,out
18,Андрей,Студент,42,Астана,38018,2025-07-07,Доход,10406,KZT,salary_in,in
18,Андрей,Студент,42,Астана,38018,2025-08-11,Отели,192867,EUR,atm_withdrawal,out
18,Андрей,Студент,42,Астана,38018,2025-07-06,Рестораны,14603,KZT,atm_withdrawal,out
18,Андрей,Студент,42,Астана,38018,2025-08-31,Доход,24719,KZT,cashback_in,in
18,Андрей,Студент,42,Астана,38018,2025-08-30,Играем дома,28042,KZT,fx_buy,out
18,Андрей,Студент,42,Астана,38018,2025-08-10,Путешествия,90863,KZT,p2p_out,out
18,Андрей,Студент,42,Астана,38018,2025-07-28,Онлайн-сервисы,23908,KZT,fx_sell,out
18,Андрей,Студент,42,Астана,38018,2025-07-05,Продукты,38663,KZT,p2p_out,out
18,Андрей,Студент,42,Астана,38018,2025-09-01,Электроника,40791,EUR,fx_sell,out
18,Андрей,Студент,42,Астана,38018,2025-07-08,Транспорт,38292,KZT,fx_buy,out
18,Андрей,Студент,42,Астана,38018,2025-08-17,Рестораны,22141,KZT,p2p_out,out
18,Андрей,Студент,42,Астана,38018,2025-08-14,Доход,27345,KZT,salary_in,in
18,Андрей,Студент,42,Астана,38018,2025-07-19,Электроника,28877,KZT,atm_withdrawal,out
18,Андрей,Студент,42,Астана,38018,2025-07-07,Косметика и парфюмерия,45641,KZT,fx_buy,out
18,Андрей,Студент,42,Астана,38018,2025-07-31,Электроника,33764,EUR,atm_withdrawal,out
18,Андрей,Студент,42,Астана,38018,2025-09-10,Ювелирные изделия,180673,KZT,atm_withdrawal,out
18,Андрей,Студент,42,Астана,38018,2025-07-03,Путешествия,128270,KZT,p2p_out,out
18,Андрей,Студент,42,Астана,38018,2025-09-03,Путешествия,93856,KZT,fx_buy,out
18,Андрей,Студент,42,Астана,38018,2025-06-23,Ювелирные изделия,113136,KZT,p2p_out,out
18,Андрей,Студент,42,Астана,38018,2025-08-23,Играем дома,28386,KZT,fx_sell,out
18,Андрей,Студент,42,Астана,38018,2025-09-11,Доход,35174,EUR,refund_in,in
18,Андрей,Студент,42,Астана,38018,2025-08-27,Едим дома,2814,KZT,card_out,out
18,Андрей,Студент,42,Астана,38018,2025-06-23,Доход,25406,KZT,salary_in,in
18,Андрей,Студент,42,Астана,38018,2025-06-19,Транспорт,32980,KZT,atm_withdrawal,out
18,Андрей,Студент,42,Астана,38018,2025-07-02,Доход,22662,KZT,salary_in,in
18,Андрей,Студент,42,Астана,38018,2025-08-20,Путешествия,158297,KZT,atm_withdrawal,out
18,Андрей,Студент,42,Астана,38018,2025-07-01,Отели,208598,KZT,fx_sell,out
18,Андрей,Студент,42,Астана,38018,2025-07-12,Рестораны,19456,KZT,fx_buy,out
18,Андрей,Студент,42,Астана,38018,2025-06-24,Играем дома,9378,KZT,card_out,out
18,Андрей,Студент,42,Астана,38018,2025-08-29,Транспорт,26006,KZT,p2p_out,out
18,Андрей,Студент,42,Астана,38018,2025-06-30,Путешествия,295209,KZT,atm_withdrawal,out
18,Андрей,Студент,42,Астана,38018,2025-08-18,Образование,19443,USD,fx_buy,out
19,Наталья,Зарплатный клиент,60,Алматы,473836,2025-06-21,Смотрим дома,3843,EUR,fx_buy,out
19,Наталья,Зарплатный клиент,60,Алматы,473836,2025-07-29,Доход,365990,EUR,stipend_in,in
19,Наталья,Зарплатный клиент,60,Алматы,473836,2025-07-02,Путешествия,280780,USD,fx_buy,out
19,Наталья,Зарплатный клиент,60,Алматы,473836,2025-08-16,Путешествия,270946,USD,fx_buy,out
19,Наталья,Зарплатный клиент,60,Алматы,473836,2025-08-24,Доход,164934,KZT,cashback_in,in
19,Наталья,Зарплатный клиент,60,Алматы,473836,2025-08-16,Ювелирные изделия,33969,EUR,fx_buy,out
19,Наталья,Зарплатный клиент,60,Алматы,473836,2025-08-29,Ювелирные изделия,46428,KZT,fx_buy,out
19,Наталья,Зарплатный клиент,60,Алматы,473836,2025-06-19,Доход,117325,EUR,cashback_in,in
19,Наталья,Зарплатный клиент,60,Алматы,473836,2025-08-23,Образование,46896,KZT,fx_buy,out
19,Наталья,Зарплатный клиент,60,Алматы,473836,2025-08-26,Путешествия,287715,KZT,card_out,out
19,Наталья,Зарплатный клиент,60,Алматы,473836,2025-08-13,Доход,38164,KZT,stipend_in,in
19,Наталья,Зарплатный клиент,60,Алматы,473836,2025-06-19,Отели,166547,USD,atm_withdrawal,out
19,Наталья,Зарплатный клиент,60,Алматы,473836,2025-08-01,Смотрим дома,47686,KZT,card_out,out
19,Наталья,Зарплатный клиент,60,Алматы,473836,2025-08-26,Образование,11680,USD,p2p_out,out
19,Наталья,Зарплатный клиент,60,Алматы,473836,2025-07-15,Образование,1287,KZT,fx_sell,out
19,Наталья,Зарплатный клиент,60,Алматы,473836,2025-07-17,Рестораны,7363,KZT,atm_withdrawal,out
19,Наталья,Зарплатный клиент,60,Алматы,473836,2025-08-29,Косметика и парфюмерия,4178,KZT,fx_sell,out
19,Наталья,Зарплатный клиент,60,Алматы,473836,2025-09-03,Путешествия,225982,KZT,atm_withdrawal,out
19,Наталья,Зарплатный клиент,60,Алматы,473836,2025-09-02,Продукты,18755,KZT,p2p_out,out
19,Наталья,Зарплатный клиент,60,Алматы,473836,2025-07-29,Смотрим дома,31313,KZT,atm_withdrawal,out
19,Наталья,Зарплатный клиент,60,Алматы,473836,2025-08-26,Онлайн-сервисы,47250,KZT,atm_withdrawal,out
19,Наталья,Зарплатный клиент,60,Алматы,473836,2025-07-09,Смотрим дома,16216,EUR,p2p_out,out
19,Наталья,Зарплатный клиент,60,Алматы,473836,2025-07-10,Рестораны,20029,EUR,fx_buy,out
19,Наталья,Зарплатный клиент,60,Алматы,473836,2025-06-22,Едим дома,5873,KZT,fx_sell,out
19,Наталья,Зарплатный клиент,60,Алматы,473836,2025-08-03,Одежда,42513,USD,card_out,out
19,Наталья,Зарплатный клиент,60,Алматы,473836,2025-06-26,Едим дома,30978,KZT,fx_buy,out
19,Наталья,Зарплатный клиент,60,Алматы,473836,2025-06-26,Смотрим дома,49449,KZT,card_out,out
19,Наталья,Зарплатный клиент,60,Алматы,473836,2025-08-05,Смотрим дома,26097,KZT,card_out,out
19,Наталья,Зарплатный клиент,60,Алматы,473836,2025-07-28,Транспорт,29992,KZT,atm_withdrawal,out
19,Наталья,Зарплатный клиент,60,Алматы,473836,2025-08-09,Играем дома,27270,KZT,atm_withdrawal,out
19,Наталья,Зарплатный клиент,60,Алматы,473836,2025-06-28,Образование,28236,KZT,fx_buy,out
19,Наталья,Зарплатный клиент,60,Алматы,473836,2025-06-22,Онлайн-сервисы,20053,EUR,fx_sell,out
19,Наталья,Зарплатный клиент,60,Алматы,473836,2025-08-27,Рестораны,25811,EUR,atm_withdrawal,out
19,Наталья,Зарплатный клиент,60,Алматы,473836,2025-07-06,Путешествия,293043,KZT,fx_sell,out
19,Наталья,Зарплатный клиент,60,Алматы,473836,2025-08-12,Доход,17697,EUR,refund_in,in
19,Наталья,Зарплатный клиент,60,Алматы,473836,2025-07-09,Одежда,10615,KZT,p2p_out,out
19,Наталья,Зарплатный клиент,60,Алматы,473836,2025-07-07,Онлайн-сервисы,6581,EUR,p2p_out,out
19,Наталья,Зарплатный клиент,60,Алматы,473836,2025-07-06,Продукты,19748,EUR,fx_sell,out
19,Наталья,Зарплатный клиент,60,Алматы,473836,2025-08-13,Доход,428472,EUR,salary_in,in
19,Наталья,Зарплатный клиент,60,Алматы,473836,2025-08-01,Одежда,17755,KZT,p2p_out,out
19,Наталья,Зарплатный клиент,60,Алматы,473836,2025-06-28,Продукты,41222,KZT,fx_sell,out
19,Наталья,Зарплатный клиент,60,Алматы,473836,2025-08-28,Электроника,23778,KZT,fx_sell,out
19,Наталья,Зарплатный клиент,60,Алматы,473836,2025-08-10,Доход,419925,KZT,salary_in,in
19,Наталья,Зарплатный клиент,60,Алматы,473836,2025-08-23,Отели,134698,KZT,fx_buy,out
19,Наталья,Зарплатный клиент,60,Алматы,473836,2025-07-04,Путешествия,162470,KZT,fx_buy,out
19,Наталья,Зарплатный клиент,60,Алматы,473836,2025-08-06,Доход,276186,USD,refund_in,in
19,Наталья,Зарплатный клиент,60,Алматы,473836,2025-07-22,Доход,365859,EUR,cashback_in,in
19,Наталья,Зарплатный клиент,60,Алматы,473836,2025-07-09,Доход,99524,KZT,stipend_in,in
19,Наталья,Зарплатный клиент,60,Алматы,473836,2025-06-25,Путешествия,104383,KZT,fx_sell,out
19,Наталья,Зарплатный клиент,60,Алматы,473836,2025-08-12,Такси,6594,KZT,fx_sell,out
19,Наталья,Зарплатный клиент,60,Алматы,473836,2025-06-30,Путешествия,129526,KZT,card_out,out
19,Наталья,Зарплатный клиент,60,Алматы,473836,2025-08-26,Одежда,42612,USD,p2p_out,out
19,Наталья,Зарплатный клиент,60,Алматы,473836,2025-07-16,Транспорт,19542,USD,fx_buy,out
19,Наталья,Зарплатный клиент,60,Алматы,473836,2025-06-20,Онлайн-сервисы,45231,KZT,fx_buy,out
19,Наталья,Зарплатный клиент,60,Алматы,473836,2025-06-16,Смотрим дома,34691,KZT,p2p_out,out
20,Иван,Стандартный клиент,36,Шымкент,120411,2025-07-21,Смотрим дома,16882,EUR,atm_withdrawal,out
20,Иван,Стандартный клиент,36,Шымкент,120411,2025-08-02,Ювелирные изделия,165909,KZT,fx_buy,out
20,Иван,Стандартный клиент,36,Шымкент,120411,2025-08-03,Такси,4957,KZT,p2p_out,out
20,Иван,Стандартный клиент,36,Шымкент,120411,2025-07-15,Доход,83369,EUR,refund_in,in
20,Иван,Стандартный клиент,36,Шымкент,120411,2025-09-02,Отели,168580,KZT,fx_sell,out
20,Иван,Стандартный клиент,36,Шымкент,120411,2025-09-01,Ювелирные изделия,45989,KZT,card_out,out
20,Иван,Стандартный клиент,36,Шымкент,120411,2025-07-01,Доход,100477,KZT,cashback_in,in
20,Иван,Стандартный клиент,36,Шымкент,120411,2025-09-03,Едим дома,42750,KZT,fx_sell,out
20,Иван,Стандартный клиент,36,Шымкент,120411,2025-08-17,Едим дома,18304,EUR,atm_withdrawal,out
20,Иван,Стандартный клиент,36,Шымкент,120411,2025-08-16,Путешествия,140909,KZT,p2p_out,out
20,Иван,Стандартный клиент,36,Шымкент,120411,2025-08-28,Электроника,36932,USD,fx_buy,out
20,Иван,Стандартный клиент,36,Шымкент,120411,2025-06-27,Едим дома,15693,KZT,p2p_out,out
20,Иван,Стандартный клиент,36,Шымкент,120411,2025-07-29,Ювелирные изделия,186153,EUR,fx_buy,out
20,Иван,Стандартный клиент,36,Шымкент,120411,2025-07-12,Доход,111894,EUR,stipend_in,in
20,Иван,Стандартный клиент,36,Шымкент,120411,2025-06-25,Доход,39001,KZT,salary_in,in
20,Иван,Стандартный клиент,36,Шымкент,120411,2025-07-19,Одежда,14029,KZT,atm_withdrawal,out
20,Иван,Стандартный клиент,36,Шымкент,120411,2025-07-24,Транспорт,34979,KZT,fx_sell,out
20,Иван,Стандартный клиент,36,Шымкент,120411,2025-09-10,Играем дома,11310,EUR,atm_withdrawal,out
20,Иван,Стандартный клиент,36,Шымкент,120411,2025-07-26,Доход,107799,USD,cashback_in,in
20,Иван,Стандартный клиент,36,Шымкент,120411,2025-08-21,Доход,18947,KZT,stipend_in,in
20,Иван,Стандартный клиент,36,Шымкент,120411,2025-08-02,Электроника,49785,KZT,card_out,out
20,Иван,Стандартный клиент,36,Шымкент,120411,2025-08-16,Образование,8354,KZT,p2p_out,out
20,Иван,Стандартный клиент,36,Шымкент,120411,2025-08-08,Электроника,25495,KZT,atm_withdrawal,out
20,Иван,Стандартный клиент,36,Шымкент,120411,2025-09-10,Ювелирные изделия,149873,KZT,p2p_out,out
20,Иван,Стандартный клиент,36,Шымкент,120411,2025-09-02,Доход,10692,USD,stipend_in,in
20,Иван,Стандартный клиент,36,Шымкент,120411,2025-09-13,Смотрим дома,7533,EUR,atm_withdrawal,out
20,Иван,Стандартный клиент,36,Шымкент,120411,2025-08-01,Ювелирные изделия,106382,EUR,p2p_out,out
20,Иван,Стандартный клиент,36,Шымкент,120411,2025-08-15,Продукты,27123,EUR,atm_withdrawal,out
20,Иван,Стандартный клиент,36,Шымкент,120411,2025-08-18,Ювелирные изделия,153723,USD,fx_sell,out
20,Иван,Стандартный клиент,36,Шымкент,120411,2025-08-12,Отели,203267,USD,atm_withdrawal,out
20,Иван,Стандартный клиент,36,Шымкент,120411,2025-08-01,Такси,1421,USD,p2p_out,out
20,Иван,Стандартный клиент,36,Шымкент,120411,2025-07-18,Играем дома,16882,KZT,atm_withdrawal,out
20,Иван,Стандартный клиент,36,Шымкент,120411,2025-06-24,Рестораны,11103,EUR,fx_sell,out
20,Иван,Стандартный клиент,36,Шымкент,120411,2025-07-10,Доход,101561,KZT,stipend_in,in
20,Иван,Стандартный клиент,36,Шымкент,120411,2025-07-19,Играем дома,42183,KZT,fx_buy,out
20,Иван,Стандартный клиент,36,Шымкент,120411,2025-07-25,Едим дома,38292,EUR,atm_withdrawal,out
20,Иван,Стандартный клиент,36,Шымкент,120411,2025-08-13,Доход,97593,USD,salary_in,in
20,Иван,Стандартный клиент,36,Шымкент,120411,2025-07-17,Косметика и парфюмерия,41902,USD,atm_withdrawal,out
20,Иван,Стандартный клиент,36,Шымкент,120411,2025-09-11,Транспорт,16310,KZT,fx_sell,out
20,Иван,Стандартный клиент,36,Шымкент,120411,2025-09-08,Ювелирные изделия,127628,KZT,fx_sell,out
20,Иван,Стандартный клиент,36,Шымкент,120411,2025-07-09,Косметика и парфюмерия,9531,KZT,atm_withdrawal,out
20,Иван,Стандартный клиент,36,Шымкент,120411,2025-07-25,Одежда,7477,USD,fx_sell,out
20,Иван,Стандартный клиент,36,Шымкент,120411,2025-07-05,Ювелирные изделия,180952,EUR,atm_withdrawal,out
20,Иван,Стандартный клиент,36,Шымкент,120411,2025-08-21,Транспорт,36081,KZT,card_out,out
20,Иван,Стандартный клиент,36,Шымкент,120411,2025-06-26,Доход,46824,KZT,refund_in,in
20,Иван,Стандартный клиент,36,Шымкент,120411,2025-09-02,Доход,109993,EUR,refund_in,in
20,Иван,Стандартный клиент,36,Шымкент,120411,2025-06-28,Едим дома,29805,USD,p2p_out,out
20,Иван,Стандартный клиент,36,Шымкент,120411,2025-08-02,Электроника,28281,KZT,fx_sell,out
20,Иван,Стандартный клиент,36,Шымкент,120411,2025-07-16,Транспорт,2079,KZT,p2p_out,out
20,Иван,Стандартный клиент,36,Шымкент,120411,2025-08-13,Онлайн-сервисы,8235,EUR,fx_buy,out
20,Иван,Стандартный клиент,36,Шымкент,120411,2025-07-09,Доход,89823,EUR,stipend_in,in
20,Иван,Стандартный клиент,36,Шымкент,120411,2025-07-31,Едим дома,2141,KZT,fx_buy,out
20,Иван,Стандартный клиент,36,Шымкент,120411,2025-06-24,Косметика и парфюмерия,33113,KZT,fx_sell,out
20,Иван,Стандартный клиент,36,Шымкент,120411,2025-06-29,Едим дома,22650,KZT,p2p_out,out
20,Иван,Стандартный клиент,36,Шымкент,120411,2025-07-23,Электроника,10643,KZT,fx_sell,out
20,Иван,Стандартный клиент,36,Шымкент,120411,2025-07-11,Косметика и парфюмерия,43833,KZT,p2p_out,out
20,Иван,Стандартный клиент,36,Шымкент,120411,2025-07-21,Транспорт,18696,KZT,p2p_out,out
20,Иван,Стандартный клиент,36,Шымкент,120411,2025-08-17,Доход,62349,KZT,salary_in,in
20,Иван,Стандартный клиент,36,Шымкент,120411,2025-08-08,Рестораны,22575,EUR,p2p_out,out
20,Иван,Стандартный клиент,36,Шымкент,120411,2025-06-29,Транспорт,46039,KZT,fx_buy,out
20,Иван,Стандартный клиент,36,Шымкент,120411,2025-07-16,Доход,73723,EUR,refund_in,in
20,Иван,Стандартный клиент,36,Шымкент,120411,2025-06-21,Отели,168248,KZT,card_out,out
20,Иван,Стандартный клиент,36,Шымкент,120411,2025-09-08,Косметика и парфюмерия,38782,EUR,p2p_out,out
20,Иван,Стандартный клиент,36,Шымкент,120411,2025-06-29,Косметика и парфюмерия,19324,KZT,card_out,out
20,Иван,Стандартный клиент,36,Шымкент,120411,2025-08-22,Транспорт,4159,KZT,atm_withdrawal,out
20,Иван,Стандартный клиент,36,Шымкент,120411,2025-07-29,Смотрим дома,47511,KZT,atm_withdrawal,out
20,Иван,Стандартный клиент,36,Шымкент,120411,2025-09-08,Отели,262792,USD,fx_sell,out
20,Иван,Стандартный клиент,36,Шымкент,120411,2025-06-16,Одежда,12440,KZT,fx_sell,out
20,Иван,Стандартный клиент,36,Шымкент,120411,2025-08-28,Рестораны,14713,KZT,card_out,out
20,Иван,Стандартный клиент,36,Шымкент,120411,2025-09-08,Доход,94517,EUR,salary_in,in
20,Иван,Стандартный клиент,36,Шымкент,120411,2025-07-31,Рестораны,10622,USD,p2p_out,out
20,Иван,Стандартный клиент,36,Шымкент,120411,2025-08-21,Продукты,8036,USD,fx_buy,out
20,Иван,Стандартный клиент,36,Шымкент,120411,2025-08-10,Доход,112552,USD,refund_in,in
20,Иван,Стандартный клиент,36,Шымкент,120411,2025-07-27,Доход,95473,KZT,cashback_in,in
20,Иван,Стандартный клиент,36,Шымкент,120411,2025-08-29,Такси,8192,EUR,p2p_out,out
20,Иван,Стандартный клиент,36,Шымкент,120411,2025-07-03,Такси,2871,KZT,card_out,out
20,Иван,Стандартный клиент,36,Шымкент,120411,2025-07-21,Едим дома,42004,EUR,fx_sell,out
20,Иван,Стандартный клиент,36,Шымкент,120411,2025-08-24,Едим дома,19982,KZT,p2p_out,out
20,Иван,Стандартный клиент,36,Шымкент,120411,2025-09-04,Путешествия,136971,KZT,atm_withdrawal,out
20,Иван,Стандартный клиент,36,Шымкент,120411,2025-07-03,Путешествия,159164,KZT,card_out,out
20,Иван,Стандартный клиент,36,Шымкент,120411,2025-08-19,Доход,83870,KZT,refund_in,in
20,Иван,Стандартный клиент,36,Шымкент,120411,2025-07-24,Отели,220062,KZT,fx_buy,out
20,Иван,Стандартный клиент,36,Шымкент,120411,2025-09-12,Доход,15033,USD,refund_in,in
20,Иван,Стандартный клиент,36,Шымкент,120411,2025-07-02,Едим дома,49623,EUR,p2p_out,out
20,Иван,Стандартный клиент,36,Шымкент,120411,2025-09-05,Играем дома,44492,USD,p2p_out,out
20,Иван,Стандартный клиент,36,Шымкент,120411,2025-08-03,Доход,22940,KZT,refund_in,in
20,Иван,Стандартный клиент,36,Шымкент,120411,2025-08-08,Онлайн-сервисы,48411,KZT,card_out,out
20,Иван,Стандартный клиент,36,Шымкент,120411,2025-07-20,Доход,69199,USD,cashback_in,in
20,Иван,Стандартный клиент,36,Шымкент,120411,2025-08-22,Смотрим дома,21470,KZT,p2p_out,out
20,Иван,Стандартный клиент,36,Шымкент,120411,2025-08-14,Доход,107462,KZT,refund_in,in
20,Иван,Стандартный клиент,36,Шымкент,120411,2025-09-12,Доход,86646,KZT,stipend_in,in
20,Иван,Стандартный клиент,36,Шымкент,120411,2025-07-06,Такси,3933,KZT,atm_withdrawal,out
20,Иван,Стандартный клиент,36,Шымкент,120411,2025-07-12,Ювелирные изделия,161965,EUR,p2p_out,out
20,Иван,Стандартный клиент,36,Шымкент,120411,2025-08-29,Доход,110675,KZT,salary_in,in
20,Иван,Стандартный клиент,36,Шымкент,120411,2025-07-21,Электроника,6586,EUR,card_out,out
20,Иван,Стандартный клиент,36,Шымкент,120411,2025-09-07,Продукты,18551,EUR,card_out,out
20,Иван,Стандартный клиент,36,Шымкент,120411,2025-07-25,Транспорт,24122,KZT,fx_buy,out
20,Иван,Стандартный клиент,36,Шымкент,120411,2025-08-28,Одежда,16881,KZT,p2p_out,out
